ax,ay,az,gx,gy,gz,mx,my,mz,label
0.07,0.98,-0.08,3.30,-2.93,1.16,23.44,-35.29,-25.04,3
0.06,0.98,-0.07,3.54,-2.93,1.34,23.69,-34.83,-25.74,3
0.07,0.98,-0.07,3.30,-2.62,0.43,23.12,-35.33,-25.27,3
0.07,0.99,-0.07,3.05,-3.42,1.22,23.65,-34.92,-24.06,3
0.07,0.98,-0.07,3.11,-3.66,1.16,23.89,-34.89,-25.06,3
0.07,0.98,-0.07,3.78,-3.05,1.40,24.29,-34.57,-25.62,3
0.07,0.98,-0.07,5.37,-3.11,1.40,24.39,-35.12,-26.22,3
0.07,0.99,-0.07,4.58,-2.93,1.46,23.91,-35.21,-26.18,3
0.07,0.99,-0.06,3.78,-3.30,1.59,24.29,-34.79,-25.37,3
0.03,0.98,-0.05,4.46,-3.48,1.89,24.46,-34.52,-26.17,3
0.06,0.98,-0.08,3.23,-2.75,0.79,23.78,-35.18,-25.92,3
0.07,0.99,-0.07,4.33,-3.78,1.89,23.63,-35.39,-25.95,3
0.06,0.99,-0.07,3.72,-3.42,1.34,24.08,-35.67,-25.84,3
0.06,0.98,-0.07,3.60,-3.36,1.04,24.27,-35.33,-26.29,3
0.07,0.98,-0.08,4.09,-2.38,1.10,23.91,-35.96,-24.80,3
0.07,0.99,-0.07,3.85,-3.05,1.71,24.34,-35.55,-26.37,3
0.07,0.97,-0.08,2.87,-2.26,0.49,24.16,-34.62,-25.22,3
0.07,0.98,-0.08,4.15,-3.54,1.46,24.24,-34.92,-26.70,3
0.07,0.97,-0.08,2.14,-3.17,0.18,23.68,-35.34,-25.26,3
0.07,0.98,-0.08,4.64,-2.93,1.95,23.68,-35.21,-26.53,3
0.07,0.98,-0.07,3.78,-3.30,0.73,23.80,-35.49,-25.06,3
0.07,0.98,-0.07,3.60,-2.87,1.04,23.91,-35.49,-25.22,3
0.07,0.98,-0.07,2.14,-1.59,0.55,24.06,-35.73,-25.63,3
0.07,0.98,-0.08,3.85,-2.87,1.46,24.05,-35.49,-25.35,3
0.07,0.98,-0.08,3.36,-2.93,1.10,23.97,-35.11,-25.57,3
0.07,0.98,-0.08,4.27,-3.36,1.28,24.17,-35.27,-24.56,3
0.07,0.98,-0.08,3.23,-2.56,0.98,23.79,-35.33,-25.55,3
0.07,0.98,-0.08,3.85,-3.23,1.22,24.12,-35.14,-25.93,3
0.07,0.98,-0.08,3.60,-2.44,1.22,24.46,-35.03,-25.23,3
0.07,0.90,-0.07,-2.20,-1.16,-2.26,24.55,-35.27,-25.06,3
0.08,1.02,-0.09,-3.66,-2.14,-1.28,24.11,-36.33,-24.57,3
0.07,0.99,-0.09,2.81,-3.97,1.46,24.08,-35.63,-25.00,3
0.07,0.99,-0.08,1.89,-3.85,0.55,24.33,-35.73,-25.54,3
0.07,0.97,-0.09,-1.71,-2.14,-0.92,23.88,-35.19,-24.43,3
0.07,0.96,-0.12,0.43,-2.75,2.50,24.51,-35.73,-24.45,3
0.07,0.97,-0.11,5.80,-2.75,3.05,23.94,-35.42,-24.05,3
0.07,0.98,-0.11,3.85,-2.81,0.79,23.50,-35.56,-24.74,3
0.07,0.97,-0.10,1.65,-2.20,0.49,24.30,-35.60,-25.20,3
0.08,0.99,-0.10,2.93,-4.03,1.59,24.15,-35.72,-23.97,3
0.10,1.00,-0.14,0.98,-0.49,-0.12,24.18,-35.71,-24.69,3
0.07,0.97,-0.10,-0.31,-0.18,0.85,24.69,-35.33,-24.22,3
0.07,0.99,-0.13,0.73,1.04,0.92,24.43,-35.22,-24.67,3
0.07,0.97,-0.14,4.88,-0.18,1.34,24.06,-34.69,-24.23,3
0.06,0.98,-0.08,-1.77,1.95,-1.10,24.32,-35.62,-23.58,3
0.08,0.98,-0.15,3.11,0.18,0.85,24.58,-35.50,-24.29,3
0.12,1.07,-0.09,9.16,-15.01,2.44,24.62,-35.63,-22.78,3
0.12,1.05,-0.17,-1.40,8.67,2.32,25.05,-35.34,-24.99,3
0.06,0.97,-0.16,1.04,0.61,1.71,24.50,-35.33,-24.37,3
0.06,0.91,-0.10,2.38,5.31,2.32,24.77,-36.13,-23.96,3
0.08,1.00,-0.14,1.95,14.28,5.25,25.09,-35.69,-23.88,3
0.08,1.00,-0.15,-2.81,13.12,-8.12,24.66,-35.53,-23.39,3
0.07,0.95,-0.17,-1.46,4.52,-7.81,25.60,-35.46,-22.77,3
0.10,0.98,-0.15,5.13,5.80,-7.20,25.34,-35.28,-23.14,3
0.09,0.96,-0.17,7.08,8.61,-5.13,26.51,-35.50,-22.81,3
0.09,0.96,-0.16,4.46,8.48,0.37,26.18,-35.45,-24.37,3
0.09,0.96,-0.14,10.25,11.35,2.14,26.18,-35.31,-23.03,3
0.09,0.98,-0.17,8.85,11.66,0.43,26.46,-35.16,-23.72,3
0.09,0.97,-0.15,6.84,6.71,2.56,26.31,-35.00,-22.66,3
0.09,0.98,-0.16,1.28,6.10,0.85,26.53,-35.66,-22.42,3
0.08,0.99,-0.15,5.68,3.23,1.89,26.70,-35.33,-23.27,3
0.08,0.93,-0.17,8.24,-7.32,10.07,26.86,-35.44,-23.02,3
0.11,1.08,-0.10,12.21,-12.51,4.33,25.79,-35.58,-23.54,3
0.10,1.03,-0.13,6.10,-2.75,-3.54,25.96,-35.63,-23.39,3
0.12,0.94,-0.14,1.46,-9.22,0.18,26.44,-35.08,-22.58,3
0.09,1.00,-0.13,11.47,5.00,6.84,26.18,-35.33,-23.33,3
0.09,0.98,-0.14,8.24,0.98,-1.22,26.88,-35.58,-23.18,3
0.09,0.94,-0.13,7.32,4.76,3.60,27.21,-35.52,-23.28,3
0.09,0.98,-0.13,7.20,15.32,2.20,26.73,-35.51,-22.78,3
0.06,0.96,-0.12,8.54,15.44,4.33,27.27,-35.77,-22.23,3
0.07,0.98,-0.14,15.26,7.57,3.78,26.90,-35.89,-22.13,3
0.07,0.98,-0.12,12.51,5.43,6.04,27.42,-36.29,-23.60,3
0.07,0.98,-0.10,12.02,1.83,4.39,26.46,-35.71,-22.56,3
0.06,0.97,-0.12,13.31,3.42,4.64,26.57,-35.14,-23.38,3
0.09,1.00,-0.09,14.47,3.91,1.22,26.34,-34.67,-24.12,3
0.06,0.96,-0.09,10.31,7.93,-0.61,26.40,-34.41,-24.13,3
0.06,0.99,-0.06,14.65,10.62,1.04,26.54,-33.95,-25.26,3
0.06,0.95,-0.07,15.93,10.31,0.06,26.10,-33.78,-23.27,3
0.06,1.00,-0.05,15.26,6.53,3.42,25.95,-33.62,-25.15,3
0.06,0.98,-0.04,19.84,19.17,-0.92,25.93,-33.13,-24.10,3
0.04,1.00,-0.04,14.53,5.86,-3.60,25.83,-32.54,-25.32,3
0.05,0.98,-0.01,8.54,-0.73,-0.55,25.48,-32.75,-25.81,3
0.06,0.97,-0.02,-3.85,0.43,3.97,26.12,-32.76,-25.95,3
0.08,0.98,-0.02,3.17,1.10,1.59,26.12,-33.15,-25.37,3
0.06,0.97,-0.03,5.37,-5.31,3.11,25.48,-33.36,-25.32,3
0.08,0.99,-0.03,6.71,-7.20,1.53,25.76,-32.57,-26.05,3
0.06,0.98,-0.01,2.20,-1.71,3.48,26.11,-32.64,-25.88,3
0.11,1.06,0.04,-1.89,-3.11,-8.73,26.35,-32.67,-25.10,3
0.03,1.00,-0.04,2.62,-6.04,5.31,26.44,-33.33,-25.67,3
0.04,0.95,-0.02,7.81,10.50,7.93,26.35,-32.98,-25.33,3
0.04,1.00,-0.03,8.30,7.02,1.53,26.32,-32.64,-26.06,3
0.06,0.96,-0.00,8.97,0.79,13.49,26.26,-32.31,-25.56,3
0.03,0.98,-0.01,20.39,3.23,27.22,25.81,-32.95,-25.26,3
0.01,0.97,0.00,12.82,10.86,26.61,25.16,-32.78,-25.50,3
-0.00,0.98,0.01,1.83,3.72,10.86,24.73,-33.00,-26.45,3
-0.03,1.02,0.00,20.08,9.52,20.32,24.24,-32.58,-26.18,3
-0.04,0.97,0.02,12.57,0.85,21.67,24.26,-33.56,-27.25,3
-0.06,0.96,0.03,3.48,-1.16,15.63,23.82,-33.67,-26.76,3
-0.10,0.97,0.01,-3.72,-5.31,7.20,23.17,-34.09,-25.04,3
-0.07,0.97,0.02,0.06,-12.63,18.13,23.27,-34.08,-26.67,3
-0.10,0.99,0.04,-0.67,-4.82,18.86,22.51,-33.75,-26.34,3
-0.12,0.97,0.01,4.33,-6.10,2.99,23.07,-34.23,-26.29,3
-0.12,0.99,0.01,2.08,-1.65,11.05,22.60,-33.75,-25.44,3
-0.14,0.97,0.00,4.09,-14.59,14.04,22.45,-34.27,-27.06,3
-0.14,0.99,0.01,5.37,-8.42,14.59,21.63,-34.29,-26.42,3
-0.18,0.98,0.02,8.54,-9.58,13.24,21.30,-33.65,-26.37,3
-0.17,0.98,0.02,7.69,-14.53,15.08,20.73,-34.16,-26.40,3
-0.18,0.99,0.04,8.00,-14.40,12.51,20.13,-33.70,-26.31,3
-0.18,0.98,0.01,5.98,-12.76,7.57,19.95,-34.02,-26.95,3
-0.22,0.89,-0.05,0.43,-11.11,1.04,20.45,-34.41,-27.03,3
-0.19,0.98,0.01,2.81,-6.10,2.32,19.59,-34.67,-26.53,3
-0.20,0.97,0.00,6.84,-10.68,-1.16,19.52,-34.27,-26.34,3
-0.20,0.98,0.03,-5.98,-15.81,6.53,19.67,-34.61,-26.34,3
-0.22,0.92,-0.03,4.09,-15.87,-1.89,19.53,-34.66,-27.00,3
-0.19,0.94,-0.01,3.11,-17.21,1.22,18.91,-34.22,-25.54,3
-0.19,0.98,-0.01,0.61,-18.86,-3.42,19.75,-34.39,-26.51,3
-0.21,0.97,-0.02,2.81,-12.76,0.37,19.52,-34.20,-26.73,3
-0.19,0.96,-0.02,5.19,-17.52,-1.28,19.31,-34.70,-25.13,3
-0.19,0.99,-0.02,3.30,-12.88,-1.46,19.04,-35.13,-26.83,3
-0.18,0.95,-0.00,5.92,-15.44,-1.65,18.71,-34.77,-26.03,3
-0.19,0.98,-0.03,2.81,-17.09,-2.99,18.58,-34.53,-26.15,3
-0.19,0.96,-0.04,7.57,-19.17,0.24,18.66,-34.53,-26.42,3
-0.16,0.99,-0.01,8.97,-36.80,-8.97,18.88,-34.27,-26.40,3
-0.16,0.97,-0.02,6.47,-12.45,-9.22,18.54,-34.73,-25.15,3
-0.15,0.95,-0.03,6.84,-18.55,-9.95,18.60,-34.79,-25.73,3
-0.14,0.99,-0.03,6.71,-13.98,-6.84,18.87,-34.78,-26.97,3
-0.14,0.97,-0.03,7.57,-7.20,-2.50,18.99,-33.95,-27.05,3
-0.14,1.01,-0.04,4.15,-25.57,-17.46,19.01,-34.07,-27.03,3
-0.10,0.96,-0.02,11.41,-17.21,-14.22,19.32,-34.34,-26.61,3
-0.09,0.96,-0.01,6.35,-13.06,-10.38,19.45,-34.12,-26.18,3
-0.09,0.99,-0.03,5.07,-16.11,-15.99,19.46,-34.63,-26.18,3
-0.06,0.98,-0.01,1.77,-6.29,-5.07,20.23,-34.78,-27.20,3
-0.05,0.99,-0.01,-0.31,-10.44,-22.09,20.25,-34.50,-26.22,3
-0.04,0.99,-0.04,1.40,-2.87,-9.34,20.89,-34.24,-27.73,3
-0.03,0.96,-0.02,3.60,-9.95,-8.54,20.76,-34.94,-25.87,3
-0.01,1.00,-0.04,7.08,-5.62,-9.89,21.47,-34.69,-26.76,3
0.01,0.98,-0.02,3.42,-4.82,-9.46,21.64,-34.01,-26.15,3
0.01,0.98,-0.04,-0.18,-6.53,-18.31,21.95,-34.53,-26.81,3
0.03,1.00,-0.03,8.42,-3.85,-11.84,22.09,-34.61,-25.83,3
0.04,0.98,-0.04,4.27,-3.23,-16.30,22.66,-34.50,-27.27,3
0.06,0.99,-0.02,4.64,-3.91,-10.50,23.03,-34.90,-27.03,3
0.07,0.97,-0.03,5.00,-1.28,-10.99,23.68,-34.52,-26.06,3
0.08,0.99,-0.04,1.16,-3.66,-6.10,23.95,-34.67,-27.26,3
0.09,0.97,-0.03,4.88,-0.55,-9.46,23.68,-34.05,-27.05,3
0.10,1.00,-0.04,6.71,-1.65,-6.59,24.65,-34.47,-26.07,3
0.11,0.97,-0.02,5.37,-0.43,-6.59,25.02,-33.87,-26.40,3
0.12,0.98,-0.04,6.04,0.85,-7.39,24.95,-34.39,-26.46,3
0.12,0.98,-0.01,8.42,3.54,-1.40,25.59,-33.94,-25.89,3
0.14,0.98,-0.04,3.60,1.04,-7.69,24.71,-34.52,-25.23,3
0.14,0.96,-0.03,6.71,0.79,-3.54,24.80,-34.42,-26.25,3
0.14,0.97,-0.02,5.19,0.98,-6.41,25.52,-33.40,-25.67,3
0.15,0.98,-0.03,5.62,-0.18,-2.32,25.76,-34.23,-26.35,3
0.16,0.96,-0.02,5.25,1.53,-7.45,25.56,-34.30,-26.79,3
0.17,0.98,-0.02,4.03,-0.55,-5.68,26.34,-33.90,-25.79,3
0.17,0.96,-0.02,6.77,1.83,-6.90,26.87,-33.80,-26.50,3
0.17,0.95,-0.02,7.08,1.40,-6.47,27.59,-34.46,-26.12,3
0.19,0.95,-0.01,10.68,3.97,-6.65,27.72,-33.85,-26.79,3
0.19,0.97,-0.03,5.07,2.44,-4.33,27.72,-33.50,-27.47,3
0.20,0.97,-0.02,6.16,2.81,-1.28,27.64,-33.51,-27.29,3
0.20,0.96,-0.02,2.69,7.20,-4.27,27.87,-33.85,-26.64,3
0.21,0.97,-0.02,6.65,4.58,-2.44,28.66,-33.47,-26.71,3
0.21,0.96,-0.02,5.74,10.01,0.37,28.22,-33.31,-27.61,3
0.21,0.97,-0.01,6.90,8.06,-2.87,28.81,-33.59,-27.09,3
0.22,0.95,-0.03,4.21,13.06,-1.53,29.10,-33.83,-26.15,3
0.22,0.95,-0.02,8.48,10.56,0.85,29.20,-33.62,-26.14,3
0.22,0.95,-0.02,10.25,16.24,-0.55,29.41,-33.57,-26.37,3
0.21,0.97,-0.03,8.24,15.81,-0.79,29.85,-33.29,-26.33,3
0.23,0.94,-0.02,9.03,13.06,-2.44,30.00,-33.13,-26.82,3
0.22,0.97,-0.02,11.17,13.98,-0.43,30.33,-32.81,-26.78,3
0.22,0.96,-0.01,11.96,11.29,-0.06,30.44,-32.78,-26.72,3
0.23,0.96,-0.01,10.74,10.68,2.62,29.96,-32.93,-25.94,3
0.22,0.95,-0.01,9.28,9.09,2.87,30.44,-33.26,-26.48,3
0.22,0.96,-0.01,9.83,10.07,3.36,30.73,-32.75,-26.09,3
0.22,0.96,-0.01,10.38,9.77,3.97,30.55,-32.81,-26.22,3
0.22,0.96,0.00,9.52,6.10,4.27,30.55,-32.90,-25.31,3
0.21,0.96,0.00,13.18,11.84,6.96,30.22,-33.35,-27.23,3
0.21,0.97,0.01,13.98,14.95,8.30,30.08,-32.21,-26.55,3
0.20,0.96,0.00,15.56,9.16,4.03,30.80,-32.37,-26.33,3
0.20,0.96,0.02,16.72,4.33,8.36,30.29,-32.95,-26.45,3
0.20,0.95,0.04,13.49,9.22,3.17,30.27,-32.39,-26.77,3
0.18,0.97,0.04,19.10,9.52,11.96,30.60,-32.09,-27.25,3
0.20,0.97,0.05,17.76,8.73,3.66,30.18,-31.71,-27.62,3
0.17,0.96,0.07,21.06,3.05,5.80,30.53,-32.18,-28.50,3
0.18,0.95,0.08,20.32,4.76,5.62,30.08,-32.62,-27.91,3
0.16,0.96,0.10,17.15,4.94,16.97,30.42,-32.02,-27.86,3
0.16,0.99,0.10,13.43,2.20,8.48,30.05,-31.51,-28.20,3
0.15,0.95,0.11,13.06,1.59,11.72,30.09,-31.90,-28.17,3
0.14,0.97,0.12,7.93,3.17,16.30,30.24,-31.49,-28.80,3
0.12,0.95,0.11,-0.92,3.23,15.08,29.08,-31.51,-27.56,3
0.11,0.98,0.11,5.80,-0.31,17.15,29.04,-31.98,-27.88,3
0.09,0.97,0.12,7.63,4.15,12.02,28.47,-31.59,-27.72,3
0.08,0.96,0.12,2.81,-3.05,13.67,28.44,-32.10,-28.81,3
0.07,0.99,0.13,10.68,-6.71,21.06,27.89,-31.53,-28.63,3
0.07,0.94,0.12,3.66,-2.99,11.05,27.60,-31.74,-28.65,3
0.04,1.00,0.13,-1.40,-8.00,23.19,27.51,-32.31,-28.65,3
0.02,0.96,0.11,1.89,-1.95,15.81,27.05,-32.47,-28.36,3
0.01,0.96,0.11,2.32,-3.36,15.01,26.42,-31.68,-28.85,3
-0.00,1.07,0.13,-0.61,-3.72,17.88,25.76,-32.87,-28.21,3
-0.00,0.97,0.10,3.36,-1.40,13.18,25.67,-32.81,-27.88,3
-0.03,0.99,0.13,-2.08,-6.96,14.65,25.13,-32.34,-28.15,3
-0.04,0.99,0.11,3.66,-6.53,13.43,24.96,-32.50,-28.12,3
-0.06,0.98,0.11,6.41,-7.87,15.63,24.82,-32.91,-28.23,3
-0.06,0.96,0.09,10.99,-9.46,6.65,24.24,-32.67,-28.91,3
-0.07,1.00,0.11,6.90,-12.45,3.23,23.97,-32.59,-27.60,3
-0.09,0.94,0.08,8.73,-11.78,4.33,23.89,-32.70,-27.66,3
-0.09,0.94,0.10,-0.43,-14.77,-0.24,23.54,-32.87,-27.60,3
-0.09,1.01,0.10,-2.50,-18.25,4.88,23.61,-33.51,-28.30,3
-0.11,0.96,0.08,0.43,-21.61,5.86,22.81,-33.24,-28.45,3
-0.09,1.01,0.10,-7.93,-25.27,6.41,22.35,-33.96,-28.39,3
-0.11,0.97,0.07,-4.27,-16.66,5.37,21.92,-33.76,-27.38,3
-0.11,0.98,0.05,-4.88,-17.70,-1.53,21.78,-33.84,-27.99,3
-0.10,1.02,0.06,-9.77,-12.63,6.04,21.51,-33.78,-27.27,3
-0.11,0.94,0.01,-13.79,-15.75,5.25,21.48,-34.07,-26.99,3
-0.10,1.00,0.05,-2.01,-15.93,8.06,20.91,-34.30,-27.49,3
-0.12,0.99,-0.02,0.12,-7.81,3.66,20.84,-34.19,-26.79,3
-0.13,0.98,0.04,-2.32,-13.79,2.62,20.91,-34.84,-25.67,3
-0.14,0.98,-0.03,-6.59,-20.51,6.90,20.83,-34.47,-26.60,3
-0.13,0.95,-0.05,-3.72,-19.71,0.24,20.04,-34.64,-26.46,3
-0.14,0.98,-0.04,5.92,-16.42,3.17,20.54,-34.27,-26.38,3
-0.13,0.98,-0.01,5.37,-14.53,3.17,20.51,-34.77,-26.51,3
-0.13,0.99,-0.02,0.12,-18.31,-0.67,19.96,-34.79,-25.56,3
-0.15,0.97,-0.05,-1.10,-23.56,1.77,19.76,-35.24,-25.85,3
-0.12,0.98,-0.03,-0.37,-22.89,-4.15,19.56,-34.89,-25.96,3
-0.14,0.98,-0.09,-2.99,-12.94,-2.81,20.20,-35.27,-26.12,3
-0.10,0.99,-0.02,1.53,-25.88,-6.71,19.67,-34.81,-25.81,3
-0.12,1.00,-0.07,12.02,-11.05,0.85,20.06,-35.18,-25.52,3
-0.11,0.96,-0.05,8.67,-12.82,-1.65,20.08,-35.82,-25.16,3
-0.11,1.00,-0.06,-5.98,-5.86,-12.51,19.67,-35.12,-25.60,3
-0.09,0.98,-0.07,-4.21,-6.65,-15.20,20.56,-35.46,-25.16,3
-0.07,0.97,-0.08,-9.70,-1.04,-12.08,20.69,-35.68,-24.19,3
-0.05,1.00,-0.12,-10.13,4.58,-13.49,21.12,-35.89,-24.50,3
-0.06,0.83,-0.06,-18.55,10.38,-9.95,20.89,-35.77,-23.54,3
-0.04,0.98,-0.15,-1.46,0.55,0.98,21.51,-34.85,-23.25,3
-0.04,0.96,-0.15,-5.86,-0.12,2.99,21.66,-35.50,-23.35,3
-0.04,0.98,-0.15,-9.22,-0.85,-2.87,21.23,-35.21,-22.68,3
-0.04,0.97,-0.19,-12.27,6.47,0.73,21.40,-35.80,-21.62,3
-0.01,0.98,-0.20,-13.85,6.59,3.17,21.42,-35.47,-21.77,3
-0.06,0.94,-0.17,-17.64,5.98,4.94,21.31,-35.84,-21.28,3
-0.05,0.95,-0.24,-6.41,3.66,3.91,21.00,-36.19,-21.46,3
-0.06,0.97,-0.26,-26.61,-7.93,2.87,20.53,-34.97,-20.69,3
-0.05,0.92,-0.27,-8.54,-3.78,-2.50,20.84,-35.64,-19.71,3
-0.05,0.96,-0.28,-19.17,-6.35,1.22,20.67,-35.22,-19.30,3
-0.05,0.94,-0.31,-15.75,-2.56,4.58,20.01,-35.44,-18.16,3
-0.06,0.94,-0.32,-23.56,-1.40,4.09,19.93,-34.86,-17.03,3
-0.05,0.94,-0.40,-22.16,-9.09,5.31,19.56,-34.74,-17.32,3
-0.06,0.91,-0.39,-29.54,-3.30,-9.28,19.54,-35.63,-15.43,3
-0.04,0.87,-0.41,-12.94,-0.92,-5.43,19.70,-35.07,-15.04,3
-0.03,0.91,-0.45,-14.71,0.18,0.18,19.80,-35.33,-14.48,3
-0.04,0.88,-0.45,-17.27,0.92,-4.15,20.63,-35.03,-13.81,3
-0.04,0.87,-0.49,-9.03,5.43,1.53,19.95,-35.01,-13.49,3
-0.03,0.88,-0.48,-16.17,-3.17,-3.66,20.35,-34.45,-13.09,3
-0.04,0.84,-0.51,-10.31,2.56,-2.01,20.26,-34.64,-12.79,3
-0.04,0.85,-0.53,-7.08,-3.97,-0.24,20.51,-34.77,-12.37,3
-0.04,0.84,-0.51,0.98,-1.34,-0.31,21.12,-34.90,-12.21,3
-0.03,0.85,-0.53,7.87,-0.73,2.75,20.70,-34.94,-11.35,3
-0.04,0.84,-0.51,1.53,-2.75,-1.46,20.57,-35.12,-11.43,3
-0.04,0.85,-0.52,11.11,-0.79,3.11,20.50,-35.34,-12.02,3
-0.04,0.86,-0.53,13.55,-1.83,1.83,20.52,-34.85,-11.95,3
-0.04,0.85,-0.51,7.39,-2.20,1.71,20.64,-35.85,-11.73,3
-0.04,0.85,-0.50,12.15,-2.87,1.71,21.06,-35.63,-11.73,3
-0.04,0.87,-0.49,18.49,-3.66,-0.18,20.73,-35.24,-12.11,3
-0.04,0.87,-0.48,19.53,-3.36,-1.28,21.24,-35.88,-13.49,3
-0.04,0.88,-0.47,20.14,-3.66,-0.92,21.24,-36.10,-13.44,3
-0.02,0.87,-0.44,29.05,-1.83,-6.35,21.13,-36.21,-13.43,3
-0.03,0.91,-0.45,23.07,-0.85,-4.21,21.77,-36.45,-15.41,3
-0.03,0.91,-0.40,28.32,0.98,-9.09,21.53,-36.00,-15.30,3
-0.02,0.91,-0.40,27.95,-0.49,1.28,22.05,-36.13,-15.58,3
-0.02,0.93,-0.36,42.05,1.40,-0.18,22.11,-36.55,-16.83,3
-0.04,0.95,-0.33,44.62,0.85,6.47,22.90,-36.43,-18.69,3
-0.03,0.94,-0.28,40.16,1.95,4.15,22.09,-36.24,-18.92,3
-0.04,0.95,-0.26,41.81,-1.95,2.75,22.06,-36.21,-20.70,3
-0.04,0.98,-0.19,43.46,-0.43,-2.44,22.20,-35.75,-21.47,3
-0.03,0.94,-0.18,36.50,-2.14,-2.01,21.96,-35.67,-22.47,3
-0.03,1.00,-0.12,43.46,-4.21,-5.74,22.03,-34.72,-23.94,3
-0.02,0.96,-0.11,39.37,-1.40,-4.58,22.51,-34.35,-24.39,3
-0.02,0.98,-0.06,26.61,-2.99,1.04,22.12,-34.06,-23.96,3
-0.03,0.98,-0.04,46.08,-2.75,1.53,22.42,-33.86,-26.50,3
-0.02,0.99,0.01,29.36,-4.76,1.16,22.55,-33.19,-27.94,3
-0.03,0.98,0.03,35.34,-3.97,-0.49,22.45,-32.48,-27.32,3
-0.02,0.98,0.07,45.23,-5.31,1.34,22.22,-32.68,-28.14,3
-0.02,1.00,0.10,25.02,-3.30,-2.38,22.44,-31.97,-29.48,3
-0.01,0.97,0.12,20.94,-5.92,-1.95,22.01,-31.87,-29.64,3
-0.02,0.97,0.14,25.21,-4.64,-1.04,22.67,-31.59,-30.93,3
-0.01,1.00,0.15,41.20,-3.05,-4.88,22.39,-30.60,-31.40,3
0.00,0.94,0.20,28.69,-4.58,-1.95,22.07,-30.31,-32.73,3
-0.02,0.95,0.22,16.17,-1.40,-2.26,22.66,-29.57,-32.63,3
0.01,0.95,0.25,62.62,-9.64,-1.95,22.27,-29.37,-32.68,3
0.00,0.96,0.29,12.33,-3.23,-0.79,22.51,-29.27,-33.18,3
-0.00,0.92,0.27,15.26,-8.00,-1.53,22.35,-28.80,-32.20,3
-0.00,0.95,0.29,4.46,-4.46,-0.43,21.96,-28.71,-33.69,3
0.00,0.94,0.30,9.09,-5.00,0.61,22.19,-28.81,-33.96,3
0.00,0.89,0.31,8.73,-3.85,-0.18,23.03,-28.59,-34.59,3
0.00,0.96,0.30,20.63,-4.27,1.71,22.45,-28.41,-34.50,3
0.01,0.93,0.32,11.41,-2.56,0.67,23.18,-28.81,-34.52,3
-0.00,0.96,0.37,1.46,-5.37,-7.32,23.44,-28.38,-34.73,3
0.01,0.93,0.34,-5.43,-3.60,-2.69,23.44,-28.66,-34.29,3
0.01,0.79,0.33,13.24,-3.91,16.60,23.35,-28.54,-34.53,3
-0.02,0.96,0.33,-8.97,1.65,5.37,23.23,-28.70,-34.96,3
-0.00,0.92,0.31,-3.72,3.91,1.65,23.65,-29.32,-35.42,3
0.01,0.93,0.31,2.81,0.18,5.86,24.00,-29.71,-33.39,3
-0.00,0.92,0.29,7.93,-2.08,8.18,23.67,-29.08,-33.54,3
-0.00,0.93,0.31,5.92,-3.11,3.66,23.85,-29.71,-34.61,3
0.00,0.93,0.30,2.99,-2.62,0.49,24.32,-29.79,-35.06,3
-0.01,0.91,0.32,3.23,-1.53,2.14,23.30,-29.27,-34.25,3
-0.00,0.96,0.28,-2.69,-1.59,-1.10,23.97,-29.44,-33.69,3
-0.01,0.94,0.32,-0.61,-3.36,0.61,23.90,-29.92,-34.03,3
-0.00,0.92,0.29,5.31,-3.36,1.04,23.80,-29.72,-34.51,3
0.00,0.96,0.31,6.84,-3.11,0.79,24.08,-30.02,-34.47,3
-0.00,0.92,0.30,6.77,-4.64,0.92,23.99,-29.57,-34.27,3
0.00,0.92,0.30,7.75,-2.75,3.48,23.63,-29.85,-35.05,3
-0.01,0.93,0.30,5.07,0.73,3.78,23.72,-29.71,-33.25,3
-0.00,0.95,0.32,5.07,-3.30,4.52,23.88,-30.26,-33.62,3
-0.01,0.92,0.30,0.31,-3.85,3.78,23.57,-29.77,-33.62,3
-0.01,0.95,0.30,-5.68,-3.91,1.22,23.60,-29.77,-34.08,3
-0.01,0.94,0.29,-0.67,-4.76,4.82,23.29,-29.50,-32.96,3
-0.01,0.96,0.28,-8.97,-3.54,2.01,23.28,-29.65,-32.50,3
-0.01,0.93,0.27,-3.23,-2.99,2.14,23.23,-29.77,-32.85,3
-0.01,0.96,0.25,-12.88,-0.67,-1.59,23.47,-30.19,-32.41,3
-0.01,0.96,0.25,-13.24,-2.87,0.18,23.28,-30.26,-32.60,3
-0.01,0.95,0.21,-3.72,-2.75,-0.31,22.89,-30.85,-31.73,3
-0.01,0.97,0.21,-4.27,-2.20,1.59,23.01,-30.60,-31.95,3
-0.01,0.95,0.20,-4.46,-2.44,2.93,23.41,-30.66,-31.64,3
-0.00,0.97,0.19,-4.03,-3.05,1.10,22.77,-30.83,-31.20,3
-0.01,0.96,0.18,-11.90,-0.85,1.40,23.00,-31.05,-31.47,3
-0.01,0.96,0.16,-8.97,-3.91,0.79,22.86,-31.73,-30.22,3
-0.01,0.96,0.15,-8.30,-4.27,3.66,23.27,-31.34,-29.64,3
-0.01,0.97,0.15,-15.38,-3.66,-0.49,23.44,-31.85,-30.46,3
-0.01,0.98,0.11,-12.63,-3.91,2.87,23.19,-31.99,-29.79,3
-0.01,0.98,0.09,-33.14,-4.15,-3.66,22.16,-32.34,-28.71,3
-0.01,0.97,0.05,-17.64,-5.98,-1.10,21.75,-32.24,-27.83,3
0.00,0.98,0.04,-4.33,-0.06,1.53,22.73,-32.50,-27.71,3
-0.01,0.98,0.03,-1.53,-3.05,0.55,22.96,-32.92,-27.58,3
-0.00,0.99,0.03,-4.15,-2.75,1.77,22.49,-32.89,-26.54,3
-0.01,0.98,0.02,-9.16,-1.71,1.04,22.44,-32.84,-27.34,3
-0.00,0.97,-0.00,-7.63,-2.99,1.65,22.36,-32.71,-26.77,3
-0.01,0.99,-0.02,-12.27,-0.49,0.67,22.88,-33.20,-26.73,3
-0.01,0.98,-0.03,-9.40,-2.01,3.23,22.92,-33.40,-26.06,3
-0.00,0.99,-0.05,-17.70,-1.53,2.69,22.58,-33.06,-25.26,3
-0.01,0.98,-0.07,-9.03,-1.16,3.48,21.98,-33.61,-25.55,3
-0.00,0.98,-0.09,-9.70,-3.36,4.09,21.97,-33.75,-25.09,3
-0.02,0.99,-0.09,-15.93,-0.49,4.15,21.98,-33.17,-24.84,3
-0.01,0.97,-0.11,-15.44,-3.36,1.40,22.13,-33.89,-23.69,3
-0.01,1.00,-0.15,-11.17,-1.34,2.93,22.06,-34.62,-22.74,3
0.01,0.97,-0.18,-41.63,-4.27,-1.77,21.70,-34.34,-21.73,3
-0.02,0.97,-0.19,-11.72,-5.25,1.77,21.57,-34.86,-21.04,3
-0.02,0.99,-0.21,-14.47,0.18,0.67,21.77,-34.74,-21.14,3
-0.00,0.95,-0.22,-3.23,-5.25,2.20,21.61,-34.40,-19.89,3
-0.02,0.97,-0.23,-5.80,-2.75,5.80,21.29,-34.18,-19.91,3
-0.01,0.94,-0.24,-2.81,-4.82,0.67,21.00,-34.83,-19.82,3
-0.03,0.98,-0.25,-10.74,-2.32,5.43,21.46,-34.69,-19.30,3
-0.03,0.93,-0.28,-3.48,-4.76,3.54,21.34,-34.88,-19.02,3
-0.02,0.97,-0.28,-16.17,-7.32,7.02,20.64,-35.05,-18.73,3
-0.02,0.93,-0.28,0.24,-4.52,4.82,20.00,-34.75,-18.44,3
-0.04,0.96,-0.30,-5.98,-3.05,1.77,20.74,-34.94,-17.82,3
-0.03,0.93,-0.32,-20.51,-4.39,3.05,20.53,-34.72,-18.48,3
-0.03,0.94,-0.32,-18.07,-5.98,-0.98,20.41,-34.69,-16.20,3
-0.03,0.89,-0.37,-26.49,-3.60,0.67,20.64,-35.06,-17.24,3
-0.04,0.91,-0.38,-8.67,-0.61,2.08,20.63,-34.53,-15.86,3
-0.03,0.91,-0.39,-4.94,-4.70,0.55,20.84,-35.50,-14.55,3
-0.04,0.89,-0.39,-7.57,-2.32,1.71,20.83,-35.25,-14.88,3
-0.03,0.90,-0.41,0.92,-2.93,-0.24,20.53,-35.16,-15.86,3
-0.03,0.92,-0.43,-7.39,-5.62,-0.98,21.22,-34.97,-14.44,3
-0.02,0.88,-0.43,-1.59,-3.60,-0.55,21.13,-35.53,-14.11,3
-0.03,0.91,-0.44,-12.88,-4.70,-0.98,20.53,-34.84,-14.60,3
-0.03,0.87,-0.45,1.34,-1.95,4.82,20.00,-34.38,-14.76,3
-0.03,0.89,-0.45,-7.08,-6.35,-0.31,20.52,-34.94,-14.09,3
-0.03,0.88,-0.45,3.85,-1.34,3.78,20.98,-34.84,-13.62,3
-0.03,0.89,-0.46,3.97,-3.97,-2.50,20.98,-34.84,-13.29,3
-0.02,0.87,-0.46,6.65,-2.38,2.50,21.06,-35.07,-14.37,3
-0.03,0.89,-0.44,2.56,-5.07,0.55,20.65,-34.68,-13.98,3
-0.03,0.88,-0.46,9.64,-1.10,1.77,21.53,-34.91,-14.03,3
-0.02,0.88,-0.44,0.00,-4.58,0.49,20.94,-34.51,-13.00,3
-0.02,0.89,-0.47,7.08,-2.44,-0.92,20.84,-35.35,-14.05,3
-0.03,0.89,-0.45,3.05,-3.78,0.61,20.98,-35.12,-13.93,3
-0.03,0.89,-0.45,7.08,-3.48,-4.03,21.48,-35.69,-14.01,3
-0.02,0.89,-0.45,3.42,-3.30,-3.78,20.92,-35.61,-14.44,3
-0.01,0.88,-0.46,6.16,-5.98,-14.53,21.96,-35.51,-14.32,3
0.00,0.89,-0.44,8.36,-4.64,-4.64,22.27,-35.71,-14.70,3
0.01,0.89,-0.44,8.73,-4.09,-7.20,22.52,-35.40,-13.99,3
0.02,0.89,-0.43,8.12,-4.09,-4.64,22.77,-36.12,-14.32,3
0.02,0.88,-0.43,7.93,-3.11,-4.39,23.03,-35.75,-14.01,3
0.03,0.89,-0.42,9.40,-5.07,-10.13,23.08,-35.34,-15.23,3
0.04,0.90,-0.43,6.71,-4.94,-11.72,24.00,-35.51,-15.11,3
0.05,0.89,-0.42,8.79,-1.59,-11.17,24.19,-35.78,-14.16,3
0.08,0.90,-0.43,4.15,-5.25,-21.73,24.77,-35.44,-14.38,3
0.10,0.89,-0.42,10.50,-4.94,-31.92,25.54,-35.28,-15.10,3
0.12,0.89,-0.40,1.34,-3.23,-32.71,26.51,-35.10,-14.58,3
0.14,0.90,-0.42,9.95,-4.33,-12.08,26.78,-34.81,-14.12,3
0.16,0.89,-0.41,7.45,-0.85,-3.48,26.99,-34.48,-14.58,3
0.16,0.90,-0.42,6.59,-0.73,-5.13,26.92,-34.85,-15.03,3
0.16,0.88,-0.40,6.59,-1.04,-4.82,27.31,-34.12,-15.03,3
0.16,0.89,-0.40,11.23,-1.65,-3.30,27.84,-34.64,-14.56,3
0.17,0.89,-0.39,9.22,-2.87,-1.04,26.94,-34.27,-14.55,3
0.16,0.89,-0.39,9.52,-2.01,-2.08,27.03,-34.06,-15.54,3
0.17,0.90,-0.38,10.56,-3.17,-2.38,27.44,-34.12,-15.66,3
0.17,0.89,-0.38,10.74,-3.36,-1.16,27.17,-34.34,-16.16,3
0.17,0.91,-0.37,8.73,-4.27,-0.43,27.11,-34.57,-16.81,3
0.17,0.90,-0.37,5.86,-3.17,-1.10,26.82,-34.11,-15.34,3
0.18,0.90,-0.37,7.63,-4.88,-0.55,27.33,-34.24,-16.26,3
0.17,0.91,-0.35,6.90,-3.36,0.79,27.61,-33.62,-17.26,3
0.18,0.90,-0.36,3.91,-3.36,-0.67,26.99,-33.86,-17.27,3
0.18,0.90,-0.36,7.69,-3.97,0.43,27.31,-33.78,-16.14,3
0.18,0.90,-0.35,13.61,-3.78,-0.67,27.17,-34.03,-16.38,3
0.18,0.91,-0.34,14.04,-3.54,-1.22,27.14,-34.12,-17.32,3
0.19,0.92,-0.34,21.06,-4.39,-4.09,27.67,-34.02,-17.83,3
0.19,0.91,-0.31,18.31,-4.64,-5.74,27.48,-34.08,-18.05,3
0.19,0.91,-0.29,24.90,-4.33,-4.76,28.00,-34.29,-19.38,3
0.20,0.91,-0.26,29.36,-6.47,-4.82,27.48,-33.57,-19.40,3
0.20,0.92,-0.25,23.56,-3.11,-3.66,28.25,-33.19,-18.88,3
0.22,0.93,-0.23,24.60,-3.72,-4.70,27.91,-33.24,-20.98,3
0.21,0.93,-0.21,28.20,-3.30,-1.83,27.80,-32.80,-20.87,3
0.22,0.96,-0.18,53.34,-4.58,-6.04,27.92,-32.41,-21.57,3
0.23,0.94,-0.14,53.16,-5.98,-6.96,28.00,-31.47,-23.02,3
0.23,0.96,-0.10,47.12,-11.05,-6.59,27.84,-31.10,-25.17,3
0.23,0.96,-0.05,24.72,-6.84,-2.14,27.88,-30.35,-23.72,3
0.24,0.96,-0.03,23.62,-4.82,-3.78,28.09,-30.04,-24.87,3
0.25,0.94,-0.02,12.39,-5.37,-5.49,27.81,-30.03,-24.58,3
0.25,0.94,-0.00,10.99,-4.76,-2.44,28.39,-30.29,-26.55,3
0.26,0.96,-0.00,-0.37,-3.54,-1.46,28.15,-29.82,-26.29,3
0.26,0.94,-0.01,12.21,-3.30,-1.77,28.28,-30.31,-25.54,3
0.27,0.94,0.01,-0.55,-5.55,0.49,28.48,-29.85,-26.46,3
0.25,0.95,-0.02,4.76,-1.95,0.85,28.11,-30.25,-25.45,3
0.25,0.95,-0.02,2.50,-2.38,1.22,28.23,-29.81,-25.27,3
0.27,0.94,-0.02,1.16,-3.23,-0.18,28.15,-30.05,-25.35,3
0.25,0.95,-0.02,5.25,-2.93,3.54,28.06,-30.03,-25.99,3
0.25,0.94,-0.01,7.93,-4.33,2.87,28.17,-30.52,-25.88,3
0.24,0.96,-0.01,5.55,-5.19,6.29,28.36,-30.59,-26.16,3
0.25,0.95,-0.01,-4.09,-5.86,6.71,28.47,-30.79,-24.96,3
0.22,0.92,-0.03,-15.26,-5.80,10.86,29.03,-31.38,-24.49,3
0.22,0.98,-0.06,2.08,-9.64,20.26,28.50,-32.08,-23.82,3
0.22,0.96,-0.03,2.50,-13.67,17.40,27.83,-32.09,-24.55,3
0.18,0.96,-0.04,2.99,-10.56,19.65,27.69,-32.64,-23.85,3
0.17,0.97,-0.03,6.77,-6.10,14.16,27.08,-32.84,-25.01,3
0.16,0.98,-0.04,4.21,-9.58,16.78,26.79,-32.47,-25.52,3
0.14,0.95,-0.03,4.58,-9.22,20.20,26.00,-33.11,-25.04,3
0.12,0.97,-0.03,10.31,-11.23,16.54,25.04,-32.96,-25.68,3
0.12,0.99,-0.02,6.53,-11.41,12.94,25.40,-32.59,-26.59,3
0.09,0.96,-0.01,14.40,-16.48,21.24,25.00,-33.50,-25.51,3
0.06,0.99,0.03,27.28,-23.74,31.43,23.88,-33.51,-26.14,3
0.05,1.01,0.02,6.16,-9.89,15.38,23.65,-32.87,-26.84,3
0.03,0.95,0.03,16.42,-9.77,17.94,22.53,-33.19,-26.78,3
0.01,1.01,0.05,9.52,-11.66,16.24,22.78,-32.90,-28.33,3
0.01,0.98,0.05,10.99,-7.14,9.52,21.77,-33.54,-28.50,3
-0.01,0.99,0.06,1.65,-6.59,13.73,21.77,-33.06,-27.43,3
-0.00,0.97,0.05,6.41,-7.26,7.02,21.45,-33.22,-28.32,3
-0.01,0.97,0.06,-0.43,-4.15,3.60,21.68,-33.95,-28.03,3
-0.03,0.99,0.04,6.96,-5.80,10.74,21.74,-33.56,-28.14,3
-0.04,0.97,0.04,1.53,-6.16,9.28,21.04,-33.58,-28.38,3
-0.03,0.97,0.04,3.78,-8.61,11.11,20.74,-34.08,-29.03,3
-0.06,0.99,0.05,4.64,-5.74,9.89,20.26,-33.97,-28.03,3
-0.06,0.98,0.04,3.30,-3.42,5.13,20.18,-33.90,-27.71,3
-0.06,0.95,0.03,8.30,-8.67,13.98,20.30,-32.97,-27.78,3
-0.08,1.02,0.06,7.32,-9.03,10.01,19.75,-33.92,-27.84,3
-0.08,0.97,0.04,-1.77,-1.04,4.39,19.59,-33.28,-28.53,3
-0.08,0.98,0.04,3.36,-3.30,1.53,19.29,-34.03,-27.42,3
-0.09,0.98,0.06,-2.62,-5.80,4.70,19.49,-33.97,-27.67,3
-0.09,0.98,0.03,-2.32,-0.55,2.14,19.86,-33.91,-26.78,3
-0.09,0.97,0.05,0.49,-6.84,6.90,19.86,-34.33,-27.29,3
-0.08,0.98,0.03,-1.89,-2.26,5.74,19.21,-33.63,-26.50,3
-0.10,0.99,0.05,-5.98,-3.91,6.47,19.85,-34.53,-28.20,3
-0.10,0.98,0.00,-6.59,-2.01,2.56,19.46,-34.29,-27.65,3
-0.12,0.97,0.01,-6.65,-0.06,10.62,18.88,-34.77,-26.57,3
-0.11,0.97,-0.02,-5.92,-3.78,5.00,18.70,-33.59,-26.64,3
-0.12,0.97,-0.03,-6.47,0.06,6.41,18.58,-34.66,-26.26,3
-0.12,0.98,-0.04,-11.96,1.46,2.93,18.47,-34.91,-25.56,3
-0.12,0.97,-0.05,-2.32,0.79,4.21,17.97,-34.39,-24.91,3
-0.13,0.98,-0.06,-5.43,1.34,3.36,18.30,-34.81,-25.50,3
-0.12,0.98,-0.08,-5.19,1.95,4.58,18.30,-34.72,-26.18,3
-0.14,0.97,-0.07,-6.59,3.36,2.08,18.27,-34.66,-25.27,3
-0.14,0.98,-0.20,6.10,6.29,2.26,18.19,-34.34,-24.35,3
-0.13,0.97,-0.08,-4.64,3.85,0.85,18.60,-34.88,-23.77,3
-0.13,0.97,-0.10,-5.37,5.07,3.60,18.63,-35.05,-24.28,3
-0.15,0.97,-0.09,-4.70,9.40,1.77,18.84,-35.14,-24.10,3
-0.14,0.98,-0.15,-0.12,11.17,1.10,18.76,-35.68,-23.71,3
-0.13,0.97,-0.07,0.31,13.37,0.79,18.73,-35.02,-23.72,3
-0.14,0.97,-0.08,-12.57,17.15,-2.08,18.97,-34.94,-23.75,3
-0.13,0.97,-0.12,-2.99,1.22,0.37,19.13,-35.11,-23.90,3
-0.12,0.97,-0.08,-5.25,7.81,-0.67,19.46,-35.55,-22.67,3
-0.13,0.97,-0.15,-10.86,8.36,0.24,19.68,-35.57,-23.05,3
-0.15,0.97,-0.24,-11.11,13.61,-3.11,19.93,-36.17,-23.39,3
-0.16,0.95,-0.16,4.15,12.33,-1.71,20.32,-35.50,-22.18,3
-0.13,0.98,-0.25,3.72,15.69,-4.64,20.25,-35.67,-22.28,3
-0.16,0.96,-0.18,-6.23,5.55,-1.46,20.25,-36.01,-21.84,3
-0.11,0.96,-0.19,5.13,10.01,-4.82,21.01,-35.84,-21.13,3
-0.10,0.97,-0.12,-6.65,4.64,-5.98,20.98,-36.08,-19.87,3
-0.08,0.98,-0.11,-7.20,7.08,-8.18,21.17,-36.00,-20.90,3
-0.10,0.96,-0.16,-2.87,20.45,-7.02,21.46,-35.41,-20.65,3
-0.13,0.96,-0.28,-11.84,10.80,-5.37,21.94,-35.78,-20.61,3
-0.16,0.98,-0.51,11.66,30.52,-9.09,22.36,-35.96,-20.79,3
-0.10,0.95,-0.26,-8.85,10.68,-9.77,22.25,-36.07,-19.75,3
-0.06,0.94,-0.16,-0.49,8.67,-9.40,23.24,-35.80,-19.58,3
-0.07,0.96,-0.24,2.08,0.92,-3.42,22.94,-35.61,-19.40,3
-0.07,0.97,-0.25,-1.28,3.97,-5.80,23.56,-35.90,-20.02,3
-0.07,0.96,-0.25,5.74,5.00,-3.23,23.66,-35.78,-18.91,3
-0.07,0.97,-0.24,5.62,-1.89,-3.48,24.02,-36.36,-19.73,3
-0.05,0.94,-0.22,8.06,-4.70,-5.55,24.44,-35.86,-19.46,3
-0.05,0.97,-0.23,1.22,-2.01,-6.65,24.76,-35.82,-19.69,3
-0.03,0.96,-0.23,3.30,-3.11,-7.26,25.06,-35.49,-20.02,3
-0.03,0.95,-0.24,3.54,-2.99,-7.08,25.18,-36.22,-18.84,3
-0.02,0.97,-0.23,2.99,-1.77,-5.37,25.15,-36.24,-20.36,3
-0.01,0.95,-0.25,4.46,-5.55,-10.44,25.70,-35.45,-19.67,3
-0.00,0.98,-0.24,3.42,-3.91,-6.77,25.11,-35.89,-18.69,3
0.01,0.96,-0.24,4.21,-5.43,-11.35,25.61,-35.49,-18.68,3
0.02,0.96,-0.24,4.52,-5.13,-8.67,26.33,-35.66,-18.55,3
0.02,0.95,-0.24,0.12,-3.54,-5.00,26.35,-35.44,-18.74,3
0.03,0.96,-0.25,9.95,-10.25,-8.67,27.03,-35.80,-18.59,3
0.05,0.96,-0.23,7.08,-8.06,-3.91,26.67,-35.78,-19.54,3
0.05,0.94,-0.23,7.81,-10.80,-6.53,27.78,-36.35,-19.19,3
0.06,0.97,-0.23,10.86,-13.73,-4.82,27.23,-35.30,-19.08,3
0.07,0.95,-0.21,6.35,-7.20,-4.46,27.62,-35.80,-18.93,3
0.07,0.97,-0.20,16.11,-8.18,-3.97,27.44,-35.39,-20.75,3
0.09,0.96,-0.20,30.52,-12.39,-6.04,28.37,-35.69,-19.98,3
0.08,0.97,-0.17,11.35,-19.35,-5.25,28.54,-35.71,-20.34,3
0.11,0.96,-0.17,11.11,-22.40,-8.12,28.45,-35.28,-22.00,3
0.13,0.97,-0.16,15.26,-3.60,-4.27,28.98,-35.49,-21.90,3
0.11,0.99,-0.17,-4.88,-9.58,-1.65,28.55,-35.03,-22.11,3
0.15,0.94,-0.15,0.98,-13.12,-7.08,28.63,-35.29,-21.55,3
0.14,0.98,-0.17,-9.28,-0.43,-5.62,29.00,-35.21,-21.35,3
0.15,0.94,-0.18,-0.79,-13.24,-4.27,28.91,-35.36,-20.53,3
0.16,1.00,-0.19,9.64,-26.43,-1.89,29.30,-34.97,-21.52,3
0.15,0.87,-0.16,1.46,-19.71,-14.59,29.50,-34.80,-22.67,3
0.20,0.92,-0.17,3.91,-27.34,-3.78,28.93,-34.84,-20.84,3
0.18,0.96,-0.18,-1.71,-17.52,8.48,28.81,-34.45,-22.30,3
0.18,0.95,-0.14,-0.18,-21.36,5.37,28.45,-35.64,-22.49,3
0.17,0.96,-0.17,10.19,-16.60,11.60,28.30,-35.13,-22.35,3
0.15,0.94,-0.16,3.85,-14.59,16.66,27.51,-34.55,-23.21,3
0.14,0.99,-0.14,18.19,-13.12,24.11,26.97,-35.62,-22.62,3
0.12,0.95,-0.14,8.06,-11.41,21.30,26.12,-34.96,-23.01,3
0.11,0.98,-0.14,10.68,-2.99,25.45,25.27,-35.13,-23.33,3
0.08,0.99,-0.12,10.93,-2.93,23.86,24.26,-34.88,-23.19,3
0.06,0.97,-0.12,8.48,-2.14,22.95,24.24,-35.60,-23.34,3
0.03,0.98,-0.13,5.19,5.19,27.83,23.66,-35.36,-23.21,3
0.01,0.99,-0.12,4.09,0.55,23.19,22.79,-34.73,-22.84,3
-0.00,0.99,-0.12,5.86,0.61,15.75,22.34,-35.31,-24.50,3
-0.02,0.96,-0.12,8.67,4.09,20.87,22.33,-35.19,-24.40,3
-0.07,1.00,-0.10,12.76,3.48,34.18,21.18,-34.48,-24.95,3
-0.06,0.98,-0.10,5.68,-0.73,14.53,20.51,-34.46,-24.18,3
-0.09,0.98,-0.10,6.59,2.14,17.52,20.15,-35.12,-24.18,3
-0.11,0.97,-0.09,9.52,-0.12,17.09,20.04,-34.74,-24.84,3
-0.13,0.98,-0.09,8.79,0.61,24.41,19.17,-34.95,-24.87,3
-0.15,0.98,-0.09,9.95,-0.55,20.20,18.88,-34.66,-25.01,3
-0.15,0.97,-0.08,5.86,0.06,8.79,18.82,-35.08,-25.73,3
-0.16,0.99,-0.08,8.30,3.30,12.02,18.05,-34.84,-24.62,3
-0.18,0.98,-0.07,4.52,2.50,12.57,18.09,-34.45,-24.06,3
-0.19,0.97,-0.07,2.32,4.15,16.05,17.90,-35.34,-24.84,3
-0.19,0.95,-0.08,5.92,1.95,12.82,17.71,-34.40,-24.89,3
-0.21,0.97,-0.07,4.21,-3.36,-1.28,17.55,-34.63,-25.40,3
-0.20,0.96,-0.07,3.30,0.43,7.08,17.48,-34.90,-25.17,3
-0.21,0.97,-0.08,3.42,-1.77,2.38,17.52,-34.42,-25.33,3
-0.23,0.95,-0.07,3.05,4.09,13.18,17.38,-34.91,-25.78,3
-0.22,0.95,-0.07,-15.20,-4.88,-2.20,17.33,-33.97,-24.85,3
-0.22,0.96,-0.08,-0.43,-5.25,-3.97,17.52,-34.90,-24.29,3
-0.21,0.95,-0.08,0.12,-2.32,-0.24,17.90,-35.02,-24.69,3
-0.21,0.96,-0.09,-0.43,-5.49,-4.33,17.80,-34.45,-24.01,3
-0.21,0.97,-0.10,2.26,-2.14,1.04,17.88,-34.46,-24.49,3
-0.20,0.96,-0.09,3.30,-3.36,-1.40,17.63,-35.02,-23.63,3
-0.21,0.97,-0.10,2.32,-3.54,0.06,17.88,-34.94,-24.13,3
-0.20,0.96,-0.10,2.93,-2.50,0.12,18.01,-34.95,-24.58,3
-0.20,0.97,-0.10,-0.67,-3.85,-0.37,18.29,-34.92,-24.37,3
-0.20,0.96,-0.10,4.88,-2.26,1.04,18.82,-34.99,-24.10,3
-0.20,0.97,-0.11,1.77,-3.72,-1.46,18.64,-35.50,-23.79,3
-0.20,0.95,-0.10,3.72,-1.65,3.54,17.82,-34.38,-23.83,3
-0.20,0.96,-0.11,1.83,-3.48,-0.24,17.97,-34.94,-24.24,3
-0.20,0.96,-0.11,2.01,-3.36,1.28,17.81,-35.06,-24.34,3
-0.20,0.96,-0.11,1.04,-2.20,0.12,18.35,-35.42,-24.87,3
-0.20,0.96,-0.12,3.11,-3.97,-0.55,18.41,-35.08,-24.15,3
-0.20,0.96,-0.11,2.99,-1.83,1.34,17.75,-35.41,-23.49,3
-0.20,0.96,-0.12,1.71,0.24,-0.37,18.85,-35.39,-23.89,3
-0.20,0.96,-0.11,2.62,-1.89,1.95,18.52,-35.06,-23.72,3
-0.20,0.96,-0.11,3.54,-3.91,-0.67,18.51,-35.36,-23.54,3
-0.20,0.96,-0.11,5.80,-2.81,2.81,18.63,-35.57,-24.04,3
-0.20,0.96,-0.11,3.54,-2.56,1.10,18.38,-35.44,-23.80,3
-0.19,0.96,-0.11,1.53,-3.60,1.04,18.46,-35.69,-23.27,3
-0.20,0.96,-0.11,5.80,-2.81,0.98,18.25,-35.66,-23.22,3
-0.20,0.96,-0.11,2.93,-3.05,0.61,18.21,-35.61,-24.04,3
-0.19,0.96,-0.11,5.55,-3.42,1.40,17.98,-34.96,-23.65,3
-0.20,0.97,-0.11,2.08,-2.99,0.79,18.37,-35.44,-23.50,3
-0.20,0.96,-0.11,4.82,-2.75,1.71,18.37,-35.66,-23.84,3
-0.20,0.96,-0.11,3.36,-3.17,0.61,18.15,-35.44,-23.71,3
-0.20,0.97,-0.12,2.50,-2.32,0.67,18.58,-35.21,-23.78,3
-0.20,0.96,-0.11,5.13,-2.87,0.24,18.37,-35.44,-23.28,3
-0.19,0.97,-0.12,3.97,-2.81,0.43,18.30,-35.56,-24.10,3
-0.19,0.96,-0.11,5.00,-2.44,0.61,18.37,-34.92,-23.69,3
-0.19,0.96,-0.12,1.34,-3.85,-0.37,18.53,-35.46,-24.04,3
-0.19,0.96,-0.12,5.80,-3.91,0.55,18.32,-35.67,-24.10,3
-0.19,0.96,-0.11,1.46,-4.70,-3.78,18.46,-35.95,-23.50,3
-0.18,0.96,-0.12,-2.44,-8.12,-8.24,18.24,-35.30,-23.78,3
-0.15,0.95,-0.13,-8.24,-17.64,-27.83,19.63,-35.89,-23.32,3
-0.12,0.98,-0.16,-0.37,-15.87,-35.83,20.13,-36.61,-23.19,3
-0.10,0.99,-0.15,4.39,-4.70,-12.76,21.08,-35.84,-23.07,3
-0.09,0.97,-0.14,3.17,-6.77,-10.31,20.90,-35.95,-23.06,3
-0.06,0.98,-0.15,-0.55,-7.14,-20.51,21.89,-36.04,-22.68,3
-0.06,0.98,-0.15,10.01,-2.62,-5.98,21.69,-36.08,-22.24,3
-0.05,0.96,-0.14,8.06,-5.37,-12.39,21.79,-36.13,-23.72,3
-0.03,0.97,-0.12,8.54,3.48,-1.59,22.53,-36.06,-23.88,3
-0.02,0.98,-0.13,9.77,-1.77,-2.14,22.14,-35.77,-23.75,3
-0.02,1.01,-0.15,17.94,-7.69,-7.26,22.39,-35.14,-23.69,3
-0.02,0.99,-0.12,9.89,-2.32,-3.66,22.34,-35.62,-23.17,3
-0.01,0.98,-0.11,5.43,-3.91,0.24,22.41,-34.96,-24.90,3
-0.01,0.97,-0.10,9.58,-5.98,-0.12,22.28,-34.84,-23.54,3
-0.00,0.98,-0.11,7.26,-7.75,-4.27,22.72,-34.58,-24.67,3
0.00,0.98,-0.10,10.99,-7.57,-7.14,22.79,-34.84,-23.73,3
0.02,1.00,-0.10,12.02,-5.86,-4.15,22.33,-35.13,-24.56,3
0.01,0.98,-0.08,5.98,-2.20,0.49,22.53,-34.47,-23.99,3
0.01,0.98,-0.09,1.95,-2.14,0.24,23.19,-34.66,-23.95,3
0.01,0.98,-0.09,1.28,-1.59,1.16,23.07,-35.38,-25.28,3
0.01,0.98,-0.09,0.06,-1.77,1.71,22.89,-35.08,-25.28,3
0.01,0.98,-0.10,-0.79,-2.56,2.01,23.23,-34.52,-24.88,3
0.01,0.98,-0.10,1.59,-2.20,1.46,23.54,-34.62,-24.65,3
0.01,0.98,-0.10,1.83,-2.75,1.53,23.52,-35.27,-24.24,3
0.01,0.98,-0.11,-1.53,-2.32,2.26,23.29,-35.28,-23.45,3
0.01,0.98,-0.11,4.70,-2.32,0.79,23.06,-35.51,-23.84,3
0.01,0.98,-0.12,2.99,-3.23,1.46,23.33,-35.58,-24.57,3
0.01,0.98,-0.12,2.75,-2.62,1.34,23.51,-35.17,-24.80,3
0.01,0.98,-0.11,3.05,-2.87,1.71,23.05,-35.05,-23.58,3
0.01,0.98,-0.12,2.20,-2.87,1.28,22.94,-35.42,-24.48,3
0.01,0.98,-0.12,4.03,-2.38,1.46,23.94,-35.28,-23.88,3
0.00,0.98,-0.12,4.88,-2.81,1.77,23.23,-35.16,-23.11,3
0.00,0.98,-0.12,1.71,-2.50,1.46,22.94,-34.69,-23.39,3
0.01,0.98,-0.12,4.03,-2.93,0.85,23.58,-35.80,-23.89,3
0.01,0.98,-0.12,2.93,-2.93,1.53,23.01,-35.55,-23.80,3
0.00,0.98,-0.12,6.29,-3.05,1.46,23.69,-35.96,-24.48,3
0.00,0.98,-0.12,4.76,-2.93,1.16,23.49,-35.41,-23.62,3
0.00,0.98,-0.12,4.33,-2.01,1.34,22.67,-35.22,-23.39,3
0.00,0.98,-0.12,3.97,-3.11,1.16,23.11,-35.35,-23.95,3
0.00,0.98,-0.12,4.03,-3.60,1.40,23.00,-35.31,-23.65,3
0.00,0.98,-0.12,3.91,-2.56,0.98,22.83,-35.14,-23.00,3
0.00,0.98,-0.12,4.76,-3.48,1.40,23.28,-35.63,-23.33,3
0.00,0.98,-0.12,3.54,-2.87,1.10,23.13,-35.17,-23.65,3
0.00,0.98,-0.12,3.11,-2.75,1.16,23.35,-35.00,-24.11,3
0.00,0.98,-0.12,4.09,-3.36,1.59,22.68,-34.86,-23.63,3
0.00,0.98,-0.12,4.88,-2.87,0.98,23.02,-35.38,-23.45,3
0.00,0.98,-0.12,2.81,-3.72,1.77,22.96,-35.06,-22.16,3
0.00,0.98,-0.12,3.42,-2.69,1.16,22.80,-35.05,-23.55,3
0.00,0.98,-0.13,4.15,-2.62,1.10,22.62,-34.91,-22.88,3
0.00,0.98,-0.12,4.27,-2.99,1.40,23.54,-34.77,-23.89,3
0.00,0.98,-0.12,3.36,-2.26,1.22,23.13,-35.10,-23.33,3
0.00,0.98,-0.12,5.00,-3.42,1.16,22.41,-34.46,-24.15,3
0.00,0.98,-0.12,4.76,-3.17,0.98,23.02,-34.55,-24.44,3
0.00,0.98,-0.12,3.48,-2.81,1.71,22.69,-34.94,-24.04,3
0.00,0.98,-0.12,5.62,-3.36,1.22,22.47,-34.85,-24.34,3
-0.00,0.98,-0.12,5.62,-3.60,1.28,22.24,-35.13,-23.63,3
0.00,0.98,-0.12,3.05,-2.38,1.22,22.77,-35.80,-23.86,3
-0.00,0.98,-0.12,3.97,-2.87,1.65,23.05,-35.08,-23.75,3
-0.00,0.98,-0.12,6.41,-3.60,1.04,22.62,-35.02,-22.85,3
-0.00,0.98,-0.12,5.62,-3.42,1.22,23.05,-35.33,-23.97,3
-0.00,0.98,-0.12,4.76,-3.42,1.40,22.60,-35.23,-23.90,3
-0.00,0.98,-0.12,4.09,-2.87,1.22,23.00,-35.16,-23.23,3
-0.00,0.98,-0.12,4.88,-3.48,1.22,23.13,-34.44,-23.73,3
-0.00,0.98,-0.11,3.85,-2.56,0.98,23.41,-34.59,-23.25,3
0.00,0.98,-0.12,2.81,-2.50,1.22,23.50,-35.41,-23.35,3
-0.00,0.98,-0.12,5.80,-2.87,0.79,23.11,-35.93,-23.61,3
-0.00,0.98,-0.11,3.11,-3.17,1.40,22.80,-35.72,-24.29,3
-0.00,0.98,-0.12,3.54,-2.62,1.16,23.58,-35.35,-24.04,3
-0.00,0.98,-0.12,1.16,-3.11,2.14,22.97,-35.44,-23.25,3
-0.00,0.98,-0.12,3.36,-2.26,0.92,23.07,-35.12,-23.38,3
-0.00,0.98,-0.12,3.05,-2.62,1.89,22.79,-34.77,-23.46,3
0.00,0.98,-0.12,7.63,-3.91,0.49,22.78,-35.33,-23.72,3
-0.00,0.98,-0.11,5.13,-2.87,1.10,23.02,-35.31,-23.34,3
-0.00,0.98,-0.11,4.46,-3.42,1.10,22.77,-35.07,-23.56,3
-0.00,0.98,-0.11,3.54,-2.87,1.22,23.00,-34.67,-24.29,3
-0.00,0.98,-0.11,3.23,-3.17,1.40,23.19,-34.73,-23.18,3
-0.00,0.98,-0.11,3.97,-3.23,1.46,22.94,-35.03,-23.90,3
-0.00,0.98,-0.11,3.54,-2.26,0.85,23.13,-34.84,-23.89,3
-0.00,0.98,-0.11,4.21,-2.81,1.10,23.11,-34.67,-25.00,3
-0.00,0.98,-0.11,3.30,-2.50,1.40,22.52,-34.95,-24.43,3
-0.00,0.98,-0.11,4.39,-3.11,1.10,22.86,-34.55,-23.93,3
-0.00,0.98,-0.11,4.82,-3.36,1.34,23.32,-35.17,-24.83,3
-0.01,0.98,-0.11,5.43,-3.11,0.98,23.07,-34.69,-24.90,3
-0.00,0.98,-0.11,3.60,-2.56,0.92,22.84,-35.05,-24.61,3
-0.00,0.98,-0.11,4.33,-3.60,0.98,22.86,-35.02,-23.82,3
-0.00,0.98,-0.11,6.10,-2.81,0.85,22.57,-34.99,-24.93,3
0.00,0.98,-0.11,6.41,-3.36,0.79,22.55,-34.81,-24.82,3
-0.00,0.98,-0.11,3.23,-2.62,0.98,23.33,-34.46,-24.30,3
0.00,0.98,-0.11,4.58,-2.38,0.85,23.24,-35.29,-23.83,3
-0.00,0.98,-0.11,3.72,-3.48,1.34,22.79,-35.41,-23.74,3
-0.00,0.98,-0.11,3.54,-2.38,0.92,23.30,-35.17,-24.16,3
-0.00,0.98,-0.11,4.27,-2.87,1.04,23.27,-34.78,-23.12,3
-0.00,0.98,-0.11,5.37,-3.11,0.92,23.21,-35.56,-24.43,3
0.00,0.98,-0.11,4.82,-2.56,0.73,22.62,-35.05,-24.02,3
-0.00,0.98,-0.11,3.42,-3.23,1.53,23.33,-34.89,-24.07,3
-0.00,0.98,-0.11,4.33,-2.69,0.85,22.88,-34.41,-23.58,3
-0.00,0.98,-0.11,3.48,-2.99,1.22,22.60,-35.00,-23.34,3
-0.00,0.98,-0.11,1.77,-2.08,1.10,22.73,-35.63,-23.62,3
-0.00,0.98,-0.11,2.38,-2.75,1.10,22.84,-34.79,-23.82,3
-0.00,0.98,-0.11,4.70,-2.93,1.10,22.85,-35.41,-23.34,3
-0.00,0.98,-0.11,4.15,-3.11,1.34,22.66,-35.14,-23.13,3
-0.00,0.98,-0.11,3.42,-2.99,1.10,22.45,-35.29,-24.07,3
0.00,0.98,-0.11,3.60,-2.93,0.98,22.79,-35.61,-24.27,3
-0.01,0.98,-0.13,7.39,1.46,0.79,22.84,-35.63,-23.01,3
-0.00,0.98,-0.11,2.75,-2.32,0.92,22.46,-35.12,-23.44,3
-0.00,0.98,-0.11,4.94,-2.56,0.85,22.91,-34.81,-24.04,3
-0.00,0.98,-0.11,3.17,-2.44,1.28,22.79,-35.47,-23.34,3
-0.00,0.98,-0.11,3.72,-2.56,1.10,22.68,-35.69,-23.99,3
-0.00,0.98,-0.11,3.23,-2.44,1.28,22.55,-35.42,-24.11,3
-0.00,0.98,-0.11,4.21,-2.56,0.85,23.00,-35.18,-24.56,3
-0.00,0.98,-0.11,4.03,-2.81,1.28,22.97,-35.71,-24.44,3
-0.00,0.98,-0.11,3.72,-2.38,0.98,23.30,-35.58,-23.66,3
-0.00,0.98,-0.11,3.17,-2.38,1.04,22.58,-35.58,-23.02,3
-0.00,0.98,-0.12,4.15,-3.17,1.10,22.81,-35.74,-23.47,3
-0.00,0.98,-0.11,5.07,-2.87,1.22,22.66,-34.99,-24.67,3
-0.00,0.98,-0.11,3.42,-2.87,1.34,22.45,-35.69,-23.05,3
-0.00,0.98,-0.11,2.99,-2.99,1.34,22.77,-35.13,-24.13,3
-0.00,0.98,-0.12,3.11,-2.75,1.28,22.71,-34.88,-24.16,3
0.00,0.98,-0.12,2.81,-2.69,1.28,22.58,-35.25,-24.21,3
-0.00,0.98,-0.11,3.72,-2.08,0.79,22.97,-35.74,-23.96,3
0.00,0.98,-0.12,4.76,-1.46,0.73,23.24,-35.57,-23.19,3
-0.00,0.98,-0.11,4.46,-2.69,1.04,22.97,-35.34,-22.99,3
-0.01,0.98,-0.12,5.43,-0.98,1.28,22.92,-35.85,-23.73,3
-0.00,0.99,-0.12,4.82,-2.93,1.10,22.99,-35.18,-24.49,3
-0.00,1.00,-0.12,3.54,-2.26,-1.40,23.07,-35.60,-23.65,3
-0.00,0.98,-0.12,0.55,-0.06,-3.30,23.89,-35.72,-22.88,3
0.01,1.01,-0.11,3.60,0.43,-12.70,23.80,-35.35,-24.46,3
0.01,0.97,-0.15,1.83,0.31,-10.56,23.85,-35.36,-24.65,3
0.03,0.97,-0.12,1.95,-5.13,-1.95,24.40,-35.73,-24.51,3
0.03,0.98,-0.12,8.61,-4.09,1.77,24.33,-35.90,-25.04,3
0.04,0.97,-0.11,1.28,-4.94,-8.36,24.35,-35.41,-23.58,3
0.04,0.98,-0.13,2.56,-2.69,-2.01,24.78,-35.47,-23.07,3
0.06,0.98,-0.12,2.26,-5.49,-15.93,24.46,-35.16,-23.62,3
0.07,0.96,-0.13,6.41,-2.56,-8.30,24.91,-35.17,-23.33,3
0.10,0.98,-0.11,6.53,-5.37,-19.04,25.62,-35.25,-23.65,3
0.10,0.95,-0.12,4.52,-1.16,-16.17,26.37,-35.05,-24.34,3
0.11,0.97,-0.12,4.46,0.24,-1.89,26.45,-35.02,-23.10,3
0.12,0.98,-0.12,6.35,-3.05,-1.22,26.42,-34.52,-24.67,3
0.12,0.99,-0.12,8.48,0.37,1.59,26.18,-35.07,-23.40,3
0.11,0.97,-0.12,7.20,-1.46,-1.65,26.25,-35.06,-22.95,3
0.12,0.97,-0.11,5.98,0.24,-1.77,26.53,-34.88,-23.52,3
0.14,0.98,-0.12,8.42,6.23,-4.76,26.18,-34.33,-23.85,3
0.13,0.94,-0.12,4.09,5.49,-9.16,27.00,-34.12,-23.13,3
0.16,0.98,-0.11,4.21,5.98,-2.99,26.90,-34.00,-23.29,3
0.15,0.90,-0.11,-12.21,11.41,-13.31,27.59,-34.02,-23.56,3
0.17,0.97,-0.12,0.18,3.60,-6.23,27.56,-34.46,-22.63,3
0.16,0.97,-0.12,3.48,-3.60,3.23,27.94,-33.89,-23.50,3
0.15,0.95,-0.14,3.48,-2.56,0.12,27.58,-34.20,-22.75,3
0.16,0.98,-0.13,-0.43,-0.49,4.88,27.47,-34.27,-22.64,3
0.15,0.95,-0.15,-6.96,-3.91,2.75,27.03,-34.27,-21.92,3
0.15,0.97,-0.13,0.06,2.01,5.80,27.29,-34.03,-21.91,3
0.14,0.95,-0.15,-15.26,-13.73,19.78,27.33,-34.29,-21.72,3
0.12,0.98,-0.18,-0.31,-0.98,16.97,26.07,-34.67,-22.58,3
0.04,0.83,-0.20,-3.66,-0.24,19.23,25.29,-34.67,-22.46,3
0.10,0.96,-0.19,-3.17,-2.75,14.83,25.96,-34.85,-20.83,3
0.10,0.91,-0.23,-8.48,-0.79,18.07,25.13,-34.68,-21.20,3
0.07,0.99,-0.21,-1.89,3.85,18.43,24.74,-34.40,-20.98,3
0.05,0.95,-0.22,-7.81,0.67,16.30,24.52,-34.58,-20.31,3
0.04,1.00,-0.26,-40.59,-1.77,9.22,24.21,-36.32,-20.35,3
0.03,0.95,-0.29,-15.63,0.73,2.38,23.84,-35.74,-18.85,3
0.03,0.94,-0.30,-6.77,2.08,1.10,23.86,-36.02,-18.38,3
0.04,0.98,-0.33,-24.41,8.61,1.46,23.99,-36.11,-17.27,3
0.02,0.93,-0.35,-25.15,10.86,7.20,25.09,-36.50,-16.20,3
0.00,0.90,-0.36,-12.02,9.52,7.14,24.61,-37.01,-16.21,3
-0.02,0.92,-0.39,-21.12,11.35,19.71,24.60,-36.43,-15.88,3
-0.01,0.90,-0.41,-16.05,5.80,7.02,23.77,-37.35,-14.62,3
-0.03,0.91,-0.43,-2.99,5.19,4.88,24.00,-36.45,-14.69,3
-0.04,0.88,-0.43,-30.82,6.23,7.45,24.04,-37.50,-12.85,3
-0.04,0.88,-0.50,-22.09,3.48,5.31,24.37,-37.52,-13.38,3
-0.04,0.87,-0.48,-4.94,2.75,3.85,24.19,-37.46,-11.61,3
-0.04,0.87,-0.50,7.39,5.37,5.80,23.85,-37.71,-12.34,3
-0.06,0.87,-0.49,2.75,0.31,2.56,24.07,-37.78,-11.83,3
-0.06,0.86,-0.50,-5.92,5.49,7.51,23.38,-38.06,-12.37,3
-0.06,0.84,-0.51,2.14,5.43,2.62,23.85,-37.87,-11.39,3
-0.08,0.86,-0.53,4.52,4.76,4.82,23.89,-37.54,-11.54,3
-0.08,0.82,-0.51,-21.00,4.70,6.47,23.99,-36.94,-10.35,3
-0.10,0.81,-0.53,-5.25,2.44,10.01,23.85,-37.38,-10.33,3
-0.09,0.84,-0.56,-4.03,2.38,3.54,23.23,-37.92,-9.38,3
-0.10,0.83,-0.55,6.90,-2.32,0.73,23.44,-38.26,-9.59,3
-0.10,0.81,-0.56,-5.25,-0.31,5.74,23.44,-37.52,-9.12,3
-0.11,0.82,-0.57,1.22,0.37,3.54,23.14,-37.88,-9.17,3
-0.10,0.81,-0.58,-15.20,-0.55,1.10,23.33,-37.74,-8.81,3
-0.12,0.81,-0.57,7.63,-0.85,1.46,23.05,-37.67,-8.96,3
-0.11,0.80,-0.59,-17.76,-0.31,5.07,23.41,-37.74,-8.35,3
-0.09,0.78,-0.61,-14.10,-6.65,1.28,22.95,-37.46,-8.02,3
-0.11,0.78,-0.61,-0.73,-4.09,-0.61,23.47,-37.21,-8.03,3
-0.11,0.79,-0.64,-0.67,-8.30,-5.92,23.79,-37.63,-7.53,3
-0.08,0.79,-0.64,5.25,-14.16,-8.30,24.04,-37.07,-7.59,3
-0.07,0.76,-0.62,-2.20,-17.15,-12.39,24.68,-37.30,-7.13,3
-0.05,0.77,-0.63,2.56,-12.76,-6.96,25.17,-37.51,-7.85,3
-0.05,0.78,-0.63,11.47,-8.42,-2.62,24.93,-37.26,-8.13,3
-0.02,0.77,-0.63,12.70,-17.82,-9.46,25.31,-37.54,-8.67,3
-0.01,0.78,-0.62,21.12,-16.11,-8.97,25.57,-36.91,-8.18,3
-0.01,0.80,-0.59,33.33,-13.24,-8.24,25.88,-37.05,-8.64,3
0.02,0.83,-0.58,38.57,-16.54,-12.08,26.10,-36.89,-9.09,3
0.03,0.83,-0.54,28.63,-13.55,-2.75,26.26,-36.73,-10.47,3
0.04,0.86,-0.52,38.94,-12.70,-6.10,26.39,-37.12,-11.10,3
0.05,0.86,-0.49,33.20,-11.41,-4.76,26.11,-36.69,-12.33,3
0.06,0.85,-0.45,25.57,-9.22,-4.33,26.57,-36.54,-13.33,3
0.06,0.91,-0.46,32.47,-9.34,-3.30,26.56,-36.60,-14.10,3
0.07,0.87,-0.40,33.81,-11.17,-2.81,26.54,-36.06,-15.01,3
0.08,0.94,-0.39,32.90,-16.48,-4.03,26.45,-36.23,-16.04,3
0.09,0.91,-0.34,41.93,-13.85,-6.96,26.53,-35.72,-17.31,3
0.10,0.95,-0.33,50.23,-18.49,-9.64,26.53,-35.91,-19.19,3
0.12,0.94,-0.26,36.25,-11.23,-4.46,26.81,-35.80,-19.31,3
0.14,0.97,-0.24,39.00,-24.60,-11.96,27.34,-35.33,-20.41,3
0.14,0.93,-0.19,32.17,-18.07,-8.73,27.06,-34.89,-21.36,3
0.15,0.97,-0.18,30.82,-15.50,-3.78,26.76,-35.33,-22.42,3
0.13,0.94,-0.15,33.14,-24.84,-9.83,27.38,-34.08,-23.73,3
0.18,0.97,-0.08,41.69,-27.89,-6.35,26.45,-33.42,-24.24,3
0.18,0.96,-0.06,26.73,-19.96,-4.03,26.75,-33.73,-25.23,3
0.17,0.97,-0.08,39.61,-28.93,-6.10,26.32,-32.82,-26.27,3
0.21,0.95,0.06,41.44,-31.56,-8.85,26.35,-32.35,-27.77,3
0.19,0.97,0.02,32.41,-20.87,-1.10,26.21,-31.69,-28.92,3
0.21,0.93,0.13,47.00,-34.30,-10.01,26.16,-30.93,-29.46,3
0.20,0.95,0.14,45.04,-22.89,0.00,26.35,-30.70,-31.41,3
0.21,0.95,0.20,30.94,-12.33,1.65,25.77,-29.98,-32.18,3
0.20,0.94,0.21,24.96,-8.48,2.69,25.65,-29.69,-32.14,3
0.19,0.93,0.20,20.39,-9.28,3.78,25.13,-29.48,-33.35,3
0.19,0.93,0.30,39.67,-17.21,8.73,24.88,-28.56,-33.41,3
0.17,0.91,0.26,9.89,-3.66,1.83,24.71,-28.31,-33.45,3
0.18,0.92,0.30,22.03,-6.96,6.96,24.18,-28.03,-34.75,3
0.18,0.93,0.30,8.61,-2.62,2.50,24.44,-28.36,-33.64,3
0.16,0.91,0.31,8.85,-3.54,5.19,24.00,-27.43,-34.86,3
0.16,0.91,0.31,7.45,-4.58,4.33,24.16,-27.83,-34.63,3
0.16,0.92,0.32,11.47,-5.68,7.26,23.62,-27.47,-34.95,3
0.15,0.91,0.31,11.35,-7.39,5.92,23.60,-27.37,-35.14,3
0.15,0.93,0.34,16.11,-6.41,5.74,23.08,-26.95,-35.29,3
0.14,0.90,0.34,10.01,-1.16,1.16,23.28,-27.01,-34.59,3
0.15,0.92,0.34,9.89,-1.59,3.85,22.66,-27.37,-34.67,3
0.14,0.91,0.34,5.62,-3.72,2.01,22.96,-26.84,-35.41,3
0.14,0.91,0.37,12.02,-3.17,3.05,22.72,-26.61,-35.10,3
0.14,0.90,0.34,12.51,-2.08,1.22,23.11,-26.57,-35.49,3
0.14,0.90,0.39,11.54,-4.82,1.65,22.66,-26.27,-35.34,3
0.14,0.89,0.36,10.07,-2.62,1.34,22.95,-26.23,-35.52,3
0.14,0.90,0.40,12.33,-4.09,1.77,23.13,-26.05,-35.88,3
0.14,0.88,0.38,10.31,-1.77,1.16,22.79,-25.76,-36.79,3
0.13,0.89,0.41,6.35,-2.32,2.56,22.39,-25.89,-35.45,3
0.14,0.89,0.39,0.43,3.42,3.85,22.11,-25.93,-36.32,3
0.14,0.89,0.40,2.50,-1.59,2.44,22.69,-25.78,-35.93,3
0.13,0.89,0.36,-8.06,8.18,3.42,22.14,-26.34,-36.41,3
0.14,0.90,0.37,-12.33,2.99,2.20,22.97,-25.57,-36.29,3
0.14,0.91,0.36,-14.22,5.86,2.50,23.22,-26.76,-35.44,3
0.14,0.92,0.32,-36.38,19.84,0.79,23.21,-27.01,-34.13,3
0.14,0.92,0.29,-14.89,0.37,3.11,23.27,-27.66,-33.87,3
0.15,0.93,0.29,-31.07,15.08,4.70,22.90,-28.12,-34.23,3
0.14,0.94,0.21,-20.51,12.63,8.42,24.11,-29.00,-31.97,3
0.15,0.94,0.23,-26.43,14.71,13.18,23.79,-29.99,-31.98,3
0.12,0.97,0.15,-24.90,13.67,14.95,24.02,-30.55,-30.24,3
0.14,0.95,0.16,-25.82,11.35,11.29,24.45,-30.90,-30.66,3
0.10,0.98,0.07,-47.06,23.19,17.15,24.79,-32.64,-28.98,3
0.09,0.98,0.05,-9.09,4.70,8.61,24.58,-32.78,-28.08,3
0.10,0.96,0.04,-31.01,7.69,12.57,24.35,-33.20,-27.82,3
0.08,1.00,-0.00,-29.85,12.39,14.77,24.13,-33.92,-26.26,3
0.06,0.96,-0.06,-23.99,12.45,12.45,24.22,-34.23,-25.82,3
0.05,1.00,-0.07,-21.12,11.41,13.85,24.49,-34.06,-25.51,3
0.06,0.98,-0.06,-34.61,12.76,13.73,23.74,-35.39,-24.66,3
0.03,0.97,-0.18,-42.60,20.26,15.69,24.05,-35.41,-23.07,3
0.02,0.98,-0.18,-25.09,10.80,8.73,23.62,-35.38,-21.68,3
0.01,0.97,-0.22,-33.87,14.83,8.48,23.39,-36.49,-20.43,3
0.01,0.95,-0.28,-21.42,10.93,11.35,23.51,-36.21,-19.02,3
-0.01,0.94,-0.27,-44.31,18.49,10.56,23.74,-36.18,-18.29,3
-0.02,0.93,-0.34,-19.29,14.65,11.90,23.23,-36.72,-16.86,3
-0.03,0.88,-0.36,-43.58,20.57,13.37,22.92,-37.00,-16.21,3
-0.08,0.94,-0.40,-36.01,17.70,17.76,22.53,-36.98,-14.43,3
-0.07,0.89,-0.42,0.31,10.13,1.65,22.28,-37.35,-14.18,3
-0.10,0.89,-0.44,-9.52,6.47,6.59,23.14,-36.55,-14.09,3
-0.09,0.89,-0.44,2.38,7.32,2.01,23.08,-37.63,-13.54,3
-0.10,0.87,-0.45,-1.22,-0.24,6.90,22.86,-37.46,-13.90,3
-0.11,0.89,-0.44,2.20,-4.70,7.08,22.89,-37.59,-14.36,3
-0.10,0.86,-0.46,13.37,-6.10,13.24,22.28,-37.24,-14.01,3
-0.12,0.90,-0.43,9.95,-4.15,14.40,21.92,-37.68,-14.38,3
-0.13,0.89,-0.41,28.02,-1.46,6.04,21.53,-37.88,-14.47,3
-0.14,0.91,-0.40,44.43,3.17,5.98,21.55,-36.74,-16.00,3
-0.14,0.90,-0.35,49.93,4.27,10.07,21.40,-36.82,-15.92,3
-0.16,0.93,-0.30,64.64,8.48,13.06,19.78,-36.85,-18.09,3
-0.17,0.94,-0.25,42.48,4.46,9.03,19.79,-36.77,-19.87,3
-0.18,0.95,-0.22,30.09,11.29,12.76,19.81,-36.19,-20.08,3
-0.20,0.95,-0.19,26.31,7.57,8.24,19.21,-35.88,-21.69,3
-0.20,0.96,-0.17,34.06,9.83,9.28,18.65,-35.94,-22.16,3
-0.21,0.95,-0.11,40.89,10.13,10.80,18.74,-35.05,-23.68,3
-0.22,0.96,-0.10,43.09,6.47,9.83,18.49,-33.72,-24.26,3
-0.23,0.97,-0.08,18.31,14.34,8.91,18.18,-34.00,-23.68,3
-0.24,0.94,-0.03,22.58,18.74,12.82,18.33,-34.28,-23.55,3
-0.26,0.95,-0.02,8.61,13.98,13.37,18.08,-33.74,-24.79,3
-0.27,0.95,-0.01,10.99,13.12,10.25,17.87,-33.74,-24.77,3
-0.27,0.95,-0.03,30.27,18.74,10.93,17.38,-33.47,-25.10,3
-0.30,0.94,-0.01,30.15,15.08,9.64,17.48,-32.87,-25.39,3
-0.31,0.92,0.00,30.27,18.92,1.77,16.91,-32.40,-26.56,3
-0.31,0.94,0.07,23.56,13.43,-1.16,16.91,-32.28,-26.07,3
-0.28,0.93,0.10,17.15,13.92,5.31,17.13,-31.84,-27.26,3
-0.30,0.94,0.09,21.24,13.67,2.26,17.47,-31.69,-27.50,3
-0.30,0.92,0.17,23.99,18.19,6.35,17.42,-31.04,-28.44,3
-0.29,0.91,0.19,16.97,11.17,4.64,17.33,-30.62,-28.67,3
-0.30,0.93,0.16,14.53,18.74,1.28,17.90,-30.90,-28.19,3
-0.29,0.92,0.19,6.65,6.04,2.20,17.92,-31.42,-29.11,3
-0.29,0.92,0.20,4.64,6.35,0.06,17.92,-31.59,-29.61,3
-0.28,0.92,0.20,4.27,1.04,1.59,18.58,-31.71,-28.81,3
-0.29,0.92,0.20,2.14,-1.34,0.55,18.92,-31.15,-28.64,3
-0.29,0.92,0.20,1.89,-3.36,2.38,19.08,-31.69,-29.06,3
-0.29,0.92,0.18,3.05,-6.29,0.12,18.76,-31.84,-29.02,3
-0.29,0.92,0.19,1.71,-5.74,3.85,19.68,-32.28,-28.81,3
-0.28,0.92,0.19,5.25,-10.01,-14.83,19.38,-31.93,-28.76,3
-0.29,0.92,0.18,-3.11,-15.81,0.31,19.38,-33.09,-28.27,3
-0.29,0.92,0.16,-2.14,-14.65,-1.28,19.67,-33.28,-27.56,3
-0.30,0.93,0.14,-4.09,-19.59,-1.28,19.98,-33.57,-27.69,3
-0.29,0.91,0.18,-19.53,-24.54,0.85,19.29,-34.33,-27.62,3
-0.33,0.94,0.02,-41.32,-27.53,-1.28,19.67,-34.64,-25.88,3
-0.31,0.93,0.08,-45.90,-29.48,3.78,19.41,-35.44,-26.01,3
-0.29,0.94,0.02,-24.35,-28.02,1.83,18.88,-35.44,-25.20,3
-0.27,0.97,-0.02,-80.69,-44.98,6.35,18.95,-36.68,-22.60,3
-0.31,0.95,-0.15,-40.65,-35.46,2.75,18.87,-37.17,-20.92,3
-0.29,0.91,-0.20,-52.61,-44.62,2.50,18.51,-37.19,-19.68,3
-0.29,0.93,-0.27,-41.93,-55.18,0.98,18.26,-37.23,-19.18,3
-0.27,0.91,-0.31,-23.07,-39.43,7.08,17.94,-37.38,-17.10,3
-0.26,0.88,-0.31,-35.34,-61.16,0.79,17.50,-37.40,-17.27,3
-0.25,0.90,-0.44,0.73,-58.78,-8.12,17.88,-36.77,-15.32,3
-0.21,0.89,-0.42,-12.51,-52.73,4.21,16.85,-36.96,-15.58,3
-0.21,0.86,-0.42,-52.37,-58.96,-10.68,17.18,-37.28,-13.93,3
-0.12,0.86,-0.51,-28.38,-49.68,-7.08,18.33,-37.23,-11.72,3
-0.12,0.83,-0.49,-13.73,-20.81,2.44,18.40,-37.40,-11.57,3
-0.12,0.84,-0.55,-7.45,-41.50,-10.50,18.30,-37.30,-11.88,3
-0.06,0.83,-0.57,-23.19,-70.62,-26.00,19.20,-37.13,-10.90,3
-0.03,0.82,-0.60,-4.03,-19.53,-8.42,19.84,-36.62,-9.63,3
0.00,0.81,-0.59,-25.82,-28.20,-11.47,20.17,-37.00,-9.24,3
0.05,0.75,-0.61,-12.63,-54.63,-26.67,21.04,-36.71,-8.30,3
0.09,0.75,-0.58,-15.81,-26.49,-30.15,21.84,-36.58,-8.34,3
0.10,0.77,-0.63,8.79,-17.09,-16.05,21.79,-37.11,-7.96,3
0.11,0.76,-0.61,-5.31,-16.48,-1.83,22.61,-36.57,-7.92,3
0.14,0.78,-0.63,2.87,-10.38,2.87,22.22,-36.89,-8.28,3
0.13,0.75,-0.61,4.94,-3.66,-0.37,23.17,-36.91,-8.20,3
0.13,0.78,-0.63,9.83,-0.49,4.33,23.32,-37.44,-8.51,3
0.13,0.75,-0.60,1.04,-1.71,-1.34,23.11,-37.44,-7.43,3
0.13,0.77,-0.63,4.58,2.56,3.72,23.13,-37.12,-8.54,3
0.13,0.77,-0.61,6.16,2.08,2.99,22.88,-36.94,-8.59,3
0.12,0.78,-0.62,10.86,8.06,4.52,22.42,-37.16,-8.90,3
0.11,0.76,-0.62,-26.61,3.36,6.29,22.63,-37.40,-9.53,3
0.10,0.78,-0.64,8.48,8.24,2.20,22.56,-37.00,-9.12,3
0.10,0.77,-0.63,34.73,4.15,6.04,22.35,-37.60,-8.76,3
0.08,0.77,-0.59,14.83,4.88,5.43,21.86,-36.88,-9.48,3
0.07,0.82,-0.63,27.65,13.85,13.79,21.41,-37.57,-10.25,3
0.06,0.80,-0.54,17.21,3.42,7.93,21.78,-37.38,-10.33,3
0.04,0.82,-0.56,36.93,26.49,14.95,21.30,-37.61,-11.27,3
0.02,0.86,-0.55,13.18,14.77,14.34,20.29,-37.50,-12.18,3
0.00,0.83,-0.51,27.77,17.82,12.51,20.10,-37.85,-12.61,3
-0.05,0.88,-0.49,44.80,23.86,17.40,19.20,-36.61,-13.01,3
-0.05,0.89,-0.44,48.58,30.58,17.64,19.43,-37.11,-14.82,3
-0.08,0.90,-0.42,49.07,39.67,17.64,18.75,-36.77,-14.72,3
-0.12,0.93,-0.40,23.74,29.97,11.23,18.15,-37.07,-16.61,3
-0.12,0.92,-0.38,6.65,28.08,9.34,18.08,-36.50,-15.65,3
-0.15,0.90,-0.36,20.94,26.43,14.28,17.47,-36.87,-18.05,3
-0.17,0.92,-0.32,31.19,25.94,10.50,17.33,-36.71,-17.98,3
-0.20,0.93,-0.34,3.30,20.26,11.66,16.64,-36.63,-18.43,3
-0.19,0.92,-0.31,4.15,15.44,14.40,16.32,-36.33,-18.48,3
-0.23,0.93,-0.31,10.68,21.97,5.86,16.28,-35.99,-18.51,3
-0.21,0.93,-0.27,11.29,18.55,3.11,16.46,-35.83,-18.95,3
-0.23,0.91,-0.29,14.40,18.86,-1.83,16.32,-34.59,-19.24,3
-0.23,0.93,-0.27,5.43,13.00,0.31,16.27,-35.68,-19.23,3
-0.25,0.94,-0.21,5.92,32.23,2.20,16.70,-35.73,-18.48,3
-0.25,0.93,-0.21,8.79,23.44,3.60,16.38,-35.27,-19.78,3
-0.26,0.94,-0.24,16.05,21.97,0.61,16.69,-35.21,-19.82,3
-0.27,0.93,-0.19,10.74,20.94,5.19,16.16,-35.00,-20.15,3
-0.27,0.94,-0.18,13.55,23.80,4.70,16.31,-35.40,-21.24,3
-0.26,0.93,-0.12,41.93,26.06,0.73,16.03,-34.58,-22.24,3
-0.25,0.93,-0.04,62.74,25.63,-1.46,16.99,-34.84,-22.51,3
-0.30,0.97,-0.21,41.69,23.01,0.06,16.71,-34.17,-23.06,3
-0.28,0.94,-0.04,5.31,15.38,2.75,17.53,-33.91,-23.65,3
-0.29,0.95,-0.05,4.82,6.84,0.12,17.25,-33.72,-23.88,3
-0.25,0.97,0.07,11.11,10.50,0.24,17.49,-33.81,-23.72,3
-0.30,0.94,-0.02,16.85,13.98,-5.55,17.94,-34.11,-25.76,3
-0.28,0.95,0.04,26.55,17.46,-4.46,18.77,-33.91,-25.48,3
-0.27,0.95,0.03,2.62,1.16,-0.37,18.18,-33.61,-25.90,3
-0.27,0.95,0.03,6.53,1.16,0.67,18.02,-33.48,-25.77,3
-0.26,0.94,0.04,3.72,-0.31,0.24,18.01,-33.75,-26.62,3
-0.27,0.95,0.03,3.11,-3.42,0.18,18.35,-33.76,-25.55,3
-0.26,0.95,0.03,4.39,-1.53,1.59,18.77,-33.50,-25.87,3
-0.26,0.95,0.04,3.30,-5.80,-0.98,19.26,-33.81,-25.82,3
-0.26,0.95,0.03,2.50,-7.69,0.24,19.25,-34.11,-26.16,3
-0.26,0.94,0.04,1.59,-12.94,-3.48,18.69,-34.00,-25.83,3
-0.25,0.94,0.01,0.37,-32.17,-12.94,19.17,-34.56,-25.44,3
-0.25,0.96,0.00,-4.33,-9.34,-6.53,19.23,-34.31,-25.74,3
-0.23,0.96,-0.00,-4.09,-9.77,-8.73,19.84,-34.89,-26.12,3
-0.22,0.96,-0.02,-5.55,-5.86,-5.49,20.12,-34.92,-24.38,3
-0.22,0.96,-0.01,1.89,-7.51,-8.61,20.25,-34.57,-24.35,3
-0.21,0.97,-0.02,-2.56,-15.99,-13.98,20.31,-34.96,-24.51,3
-0.18,0.97,-0.04,0.55,-6.96,-10.31,20.56,-34.85,-24.18,3
-0.17,0.96,-0.03,4.58,-13.98,-16.60,21.15,-34.59,-25.85,3
-0.15,1.00,-0.06,1.53,-11.35,-21.18,21.58,-35.51,-24.00,3
-0.14,0.95,-0.04,4.33,-6.71,-6.23,21.91,-35.10,-24.67,3
-0.13,0.99,-0.05,5.98,-3.97,-11.29,22.25,-34.62,-23.90,3
-0.12,0.97,-0.03,0.43,-6.53,-7.87,22.05,-35.25,-25.45,3
-0.10,0.99,-0.05,0.79,-7.51,-13.18,23.22,-35.05,-24.23,3
-0.08,0.98,-0.05,-2.20,-11.29,-14.65,23.56,-34.72,-23.41,3
-0.07,0.99,-0.06,-1.53,-6.47,-12.70,23.55,-34.42,-23.89,3
-0.06,0.98,-0.07,0.67,-5.43,-8.30,23.86,-34.94,-23.45,3
-0.05,0.98,-0.07,1.22,-4.46,-11.96,24.10,-34.88,-23.61,3
-0.03,0.99,-0.07,-0.12,-5.19,-14.89,24.85,-35.24,-23.34,3
-0.03,1.00,-0.06,-1.46,-1.46,-13.24,25.45,-34.70,-24.51,3
0.00,0.97,-0.08,1.40,-7.08,-21.18,25.62,-35.05,-23.05,3
0.04,1.01,-0.08,-0.92,-1.77,-12.33,25.96,-35.11,-22.49,3
0.03,0.96,-0.09,4.09,-1.40,-12.76,26.78,-35.22,-22.86,3
0.06,0.97,-0.10,-4.46,-7.39,-14.53,27.21,-34.75,-22.90,3
0.06,0.98,-0.10,-5.92,-7.32,-11.17,27.76,-34.55,-23.91,3
0.09,0.97,-0.10,1.40,-11.54,-15.14,27.44,-34.63,-22.27,3
0.10,1.00,-0.12,2.38,-5.98,-12.51,28.19,-34.44,-22.77,3
0.11,0.96,-0.11,-0.43,-6.41,-12.21,29.00,-33.98,-23.30,3
0.14,1.00,-0.12,-6.77,-12.27,-26.86,29.32,-34.48,-22.77,3
0.17,0.97,-0.17,-12.02,-20.51,-36.80,29.81,-34.63,-21.72,3
0.21,0.97,-0.16,3.42,-24.29,-37.72,30.76,-33.94,-22.45,3
0.23,0.94,-0.14,16.30,-23.32,-22.28,31.07,-33.35,-22.68,3
0.28,0.90,-0.08,-1.77,-22.09,-23.86,31.53,-32.40,-22.29,3
0.28,0.93,-0.12,4.03,-10.56,-5.31,32.04,-32.42,-23.08,3
0.29,0.94,-0.12,-2.20,-8.67,-0.85,31.81,-32.67,-23.11,3
0.30,0.93,-0.12,-6.29,-12.57,-0.31,31.95,-33.26,-23.05,3
0.30,0.93,-0.14,-6.96,-14.71,-13.06,31.91,-33.30,-22.63,3
0.32,0.93,-0.12,-0.31,-16.42,-15.44,32.19,-33.15,-23.05,3
0.33,0.91,-0.14,-11.90,-17.52,-5.92,33.06,-33.37,-22.80,3
0.34,0.92,-0.16,1.59,-6.04,4.21,32.32,-33.57,-23.33,3
0.34,0.92,-0.16,2.26,-2.69,3.66,32.24,-33.13,-21.94,3
0.33,0.90,-0.15,0.55,-1.65,5.00,32.13,-33.13,-22.12,3
0.32,0.92,-0.15,3.60,2.38,9.34,32.06,-33.15,-21.83,3
0.31,0.92,-0.16,4.76,4.21,12.76,31.25,-33.25,-22.89,3
0.29,0.91,-0.15,4.76,2.44,21.73,31.29,-32.93,-21.73,3
0.26,0.95,-0.18,-0.92,3.36,34.67,30.55,-33.58,-22.51,3
0.25,0.92,-0.17,-0.06,3.11,27.28,29.86,-33.64,-21.57,3
0.19,0.96,-0.19,-6.29,4.09,33.75,28.97,-33.75,-22.19,3
0.18,0.97,-0.18,-13.85,-6.35,28.99,27.82,-34.58,-21.67,3
0.13,0.92,-0.20,-5.98,-1.22,30.27,27.05,-34.61,-21.25,3
0.11,0.97,-0.21,-2.32,-5.55,37.72,26.50,-34.83,-21.13,3
0.08,0.98,-0.22,-12.88,-16.54,33.14,25.93,-35.16,-21.18,3
0.09,0.94,-0.27,-28.75,-7.08,17.52,25.29,-35.34,-20.84,3
0.06,0.98,-0.28,-27.83,-7.93,22.28,24.40,-35.96,-19.69,3
0.06,0.94,-0.31,-26.79,-3.48,6.10,24.02,-35.93,-18.98,3
0.06,0.93,-0.35,-41.02,-3.11,6.53,23.91,-35.94,-17.36,3
0.04,0.91,-0.38,-43.09,-1.40,7.02,23.33,-35.89,-15.50,3
0.05,0.91,-0.43,-16.42,-1.77,3.54,23.56,-36.23,-16.14,3
0.02,0.90,-0.46,-53.16,-3.72,16.60,23.67,-36.05,-15.06,3
0.03,0.86,-0.48,-1.46,-1.53,3.72,23.01,-36.79,-14.11,3
0.02,0.85,-0.50,-16.36,-1.22,5.86,23.41,-36.08,-12.57,3
0.02,0.85,-0.51,-7.45,0.98,9.40,23.38,-36.69,-12.26,3
0.01,0.84,-0.53,-3.11,-0.61,5.86,22.72,-36.76,-11.43,3
0.00,0.85,-0.52,6.04,0.79,4.94,23.08,-35.94,-11.62,3
-0.00,0.85,-0.52,14.16,0.85,4.76,22.61,-36.34,-12.46,3
-0.01,0.86,-0.49,33.94,1.53,-0.24,22.57,-35.74,-12.40,3
-0.01,0.87,-0.46,53.89,5.49,1.16,22.55,-36.18,-14.18,3
-0.01,0.90,-0.42,44.74,0.92,0.00,22.14,-35.72,-15.55,3
-0.02,0.93,-0.36,57.98,-1.40,-2.50,22.42,-36.36,-17.02,3
-0.01,0.94,-0.32,68.48,2.08,-2.01,21.98,-36.39,-18.12,3
-0.01,0.95,-0.26,35.58,-2.87,2.56,22.92,-35.85,-19.98,3
-0.01,0.97,-0.24,42.24,3.54,6.16,22.52,-35.66,-20.64,3
-0.02,0.97,-0.20,46.69,3.60,2.26,22.20,-35.10,-21.80,3
-0.02,0.98,-0.16,35.83,-5.25,-0.18,22.24,-35.07,-22.40,3
-0.01,0.98,-0.13,48.40,-4.88,-3.23,22.71,-34.46,-23.58,3
-0.01,0.98,-0.07,52.98,-4.27,-6.23,22.90,-34.22,-24.84,3
-0.00,1.01,-0.02,67.69,-5.86,-9.28,22.91,-33.46,-25.98,3
0.02,0.96,0.02,36.44,-1.40,-14.77,23.75,-32.78,-26.67,3
0.01,0.97,0.07,27.04,-2.38,-6.59,23.41,-32.31,-27.67,3
0.04,1.00,0.10,55.11,-3.91,-9.34,24.28,-32.23,-29.80,3
0.03,0.94,0.12,29.72,3.54,-4.39,23.97,-31.77,-29.75,3
0.04,0.97,0.17,31.31,-1.46,-3.66,24.15,-31.46,-30.52,3
0.04,0.96,0.19,34.30,1.83,0.79,24.82,-30.94,-31.54,3
0.04,0.95,0.21,25.63,-1.28,3.30,24.74,-30.49,-32.39,3
0.04,0.95,0.23,25.02,-1.95,2.01,24.93,-30.10,-31.81,3
0.03,0.94,0.25,17.76,-0.73,4.64,24.62,-29.90,-32.65,3
0.03,0.93,0.25,13.31,-4.82,7.69,24.30,-29.93,-33.14,3
0.03,0.95,0.26,10.62,-7.20,10.50,23.71,-29.30,-32.57,3
0.01,0.94,0.28,20.02,-4.27,13.37,23.51,-28.98,-32.91,3
0.00,0.93,0.29,15.26,-5.25,11.90,22.99,-28.67,-33.06,3
-0.02,0.93,0.30,18.55,-4.03,20.57,22.89,-29.26,-33.69,3
-0.03,0.93,0.32,13.00,-4.88,20.57,22.07,-28.85,-34.75,3
-0.06,0.93,0.31,4.15,-2.32,20.32,21.98,-28.32,-33.69,3
-0.07,0.93,0.32,9.40,-0.24,20.94,21.70,-28.65,-34.73,3
-0.10,0.93,0.31,-4.88,1.28,27.22,21.30,-29.02,-34.25,3
-0.12,0.93,0.29,-35.83,-1.34,24.72,20.58,-29.22,-33.31,3
-0.13,0.94,0.26,-37.29,-15.50,13.18,19.95,-29.42,-32.81,3
-0.14,0.94,0.22,-30.27,0.31,12.45,19.58,-30.57,-32.03,3
-0.15,0.94,0.19,-25.94,5.31,14.53,19.24,-30.90,-31.05,3
-0.16,0.97,0.16,-24.48,4.33,10.01,19.53,-31.73,-30.33,3
-0.15,0.96,0.13,-25.57,4.58,8.67,19.40,-31.97,-30.04,3
-0.18,0.96,0.10,-27.28,1.16,4.03,19.53,-32.41,-28.52,3
-0.17,0.97,0.06,-24.66,0.92,2.87,19.17,-32.43,-27.73,3
-0.17,0.97,0.03,-45.53,2.38,0.73,18.98,-32.56,-28.02,3
-0.18,0.98,0.01,-36.01,-1.95,-0.61,19.17,-33.52,-25.37,3
-0.16,0.97,-0.09,-33.69,0.43,-1.46,18.55,-33.79,-24.72,3
-0.17,0.97,-0.11,-37.11,-3.78,-0.37,19.23,-34.86,-22.69,3
-0.16,0.96,-0.15,-33.39,-3.85,-1.95,19.08,-34.81,-21.22,3
-0.16,0.96,-0.17,-38.02,-3.85,-3.48,19.64,-34.45,-21.67,3
-0.15,0.95,-0.23,-29.97,-7.39,-3.66,19.76,-35.64,-21.15,3
-0.15,0.94,-0.26,-28.99,-5.31,-4.88,19.81,-35.73,-18.95,3
-0.13,0.94,-0.29,-30.76,-10.74,-9.95,19.93,-35.88,-18.31,3
-0.12,0.93,-0.32,-16.05,-9.52,-6.23,20.64,-36.06,-17.46,3
-0.11,0.92,-0.34,-23.74,-11.47,-9.22,20.84,-35.89,-16.91,3
-0.09,0.91,-0.37,-12.45,-13.24,-14.83,21.23,-36.50,-15.27,3
-0.08,0.92,-0.37,-0.61,-7.20,-8.73,22.14,-36.16,-15.98,3
-0.05,0.91,-0.38,-1.95,-12.70,-36.44,22.16,-36.46,-16.03,3
-0.02,0.91,-0.40,-0.92,-11.29,-41.75,24.17,-36.08,-14.98,3
0.02,0.88,-0.40,-5.19,-10.13,-28.93,25.02,-36.35,-15.36,3
0.03,0.92,-0.40,8.00,-7.32,-20.69,25.38,-36.32,-15.52,3
0.09,0.90,-0.40,3.78,-12.39,-37.60,26.82,-35.86,-14.79,3
0.11,0.89,-0.40,11.54,-8.36,-27.40,27.43,-35.75,-15.81,3
0.14,0.90,-0.38,13.67,-12.57,-19.35,28.26,-35.39,-15.15,3
0.14,0.90,-0.38,14.71,-13.37,-8.30,28.70,-35.91,-16.71,3
0.16,0.91,-0.36,21.48,-24.84,-16.42,28.34,-34.95,-16.66,3
0.18,0.93,-0.33,34.00,-22.71,-14.89,28.99,-34.89,-18.29,3
0.22,0.89,-0.25,50.11,-23.13,-20.69,29.64,-34.41,-19.40,3
0.26,0.94,-0.20,54.57,-27.71,-21.67,30.20,-33.51,-21.09,3
0.26,0.93,-0.14,73.91,-8.54,-9.40,31.01,-33.34,-22.01,3
0.26,0.94,-0.09,93.14,-7.20,1.77,30.04,-32.58,-24.91,3
0.25,0.95,-0.01,57.86,-6.04,1.10,30.30,-32.41,-25.88,3
0.27,0.95,0.05,64.82,-5.74,6.84,30.35,-31.34,-29.14,3
0.25,0.94,0.08,29.60,-3.66,2.87,30.65,-31.01,-29.11,3
0.25,0.95,0.11,28.02,-3.05,6.84,30.87,-30.69,-28.59,3
0.25,0.95,0.13,17.09,0.00,3.54,30.20,-30.60,-29.33,3
0.24,0.94,0.13,-13.24,-1.10,1.95,30.64,-30.77,-29.17,3
0.25,0.93,0.11,-18.13,-6.23,-2.08,30.31,-30.76,-28.77,3
0.24,0.98,0.06,-70.07,-9.89,-12.02,30.43,-31.36,-28.26,3
0.27,0.93,0.01,-52.37,1.65,-6.29,30.69,-31.42,-25.99,3
0.26,0.94,-0.04,-48.83,6.41,2.50,30.24,-31.84,-26.05,3
0.27,0.95,-0.11,-49.32,-0.18,2.69,30.54,-32.65,-23.52,3
0.26,0.92,-0.15,-41.75,-0.06,3.85,29.58,-32.76,-22.66,3
0.28,0.92,-0.18,-33.08,4.88,5.07,29.99,-33.01,-21.83,3
0.25,0.93,-0.23,-25.70,2.99,3.91,29.96,-33.39,-19.98,3
0.25,0.92,-0.24,-14.89,1.16,12.02,29.50,-32.81,-20.18,3
0.24,0.92,-0.27,-13.79,5.31,16.17,29.20,-33.40,-20.63,3
0.22,0.92,-0.29,-19.41,9.03,14.65,28.61,-33.68,-19.76,3
0.20,0.91,-0.31,-1.46,7.75,16.36,27.84,-33.67,-18.96,3
0.18,0.93,-0.31,-14.59,4.52,11.84,27.60,-33.72,-17.87,3
0.18,0.93,-0.34,-1.10,10.80,18.62,27.59,-33.56,-17.25,3
0.15,0.90,-0.34,-2.44,15.63,22.03,26.65,-34.56,-16.63,3
0.13,0.93,-0.35,-4.52,14.04,23.56,26.67,-34.06,-16.54,3
0.09,0.92,-0.37,7.39,24.35,29.17,25.42,-34.13,-16.64,3
0.06,0.91,-0.35,11.11,20.75,19.35,25.33,-34.83,-17.24,3
0.04,0.93,-0.36,11.96,17.15,20.63,24.73,-34.52,-16.82,3
0.01,0.93,-0.33,15.32,14.95,19.65,24.44,-34.84,-15.99,3
-0.01,0.93,-0.32,16.30,15.20,20.75,23.40,-34.48,-17.13,3
-0.03,0.93,-0.32,11.47,6.90,19.84,22.92,-34.74,-17.68,3
-0.04,0.94,-0.30,23.01,5.25,11.84,22.73,-34.92,-17.57,3
-0.06,0.95,-0.27,29.05,5.13,23.01,21.34,-35.05,-18.70,3
-0.07,0.95,-0.25,23.62,-2.87,10.07,21.70,-34.83,-18.99,3
-0.09,0.98,-0.24,37.23,1.34,8.24,21.67,-35.28,-18.74,3
-0.09,0.94,-0.20,34.18,-4.82,5.00,21.56,-35.02,-20.89,3
-0.10,0.98,-0.16,41.99,-4.82,4.64,20.90,-34.61,-22.51,3
-0.10,0.98,-0.13,36.38,-9.16,1.10,21.42,-34.36,-22.86,3
-0.10,0.98,-0.10,31.92,-10.56,1.89,20.98,-34.31,-24.19,3
-0.09,0.96,-0.07,21.73,-9.83,1.59,21.40,-34.14,-24.41,3
-0.10,0.98,-0.06,26.43,-6.77,1.83,20.96,-34.17,-25.09,3
-0.10,0.99,-0.04,28.56,-7.45,2.01,21.45,-33.67,-25.02,3
-0.10,0.96,-0.01,18.68,-10.50,0.43,20.84,-33.35,-25.33,3
-0.11,0.98,0.00,28.75,-13.85,-1.16,20.95,-33.19,-25.29,3
-0.10,0.98,0.02,24.78,-13.73,-3.36,21.08,-33.09,-26.76,3
-0.10,0.99,0.04,21.06,-10.62,-2.62,20.84,-32.65,-26.25,3
-0.10,0.97,0.06,22.46,-14.34,-2.32,21.58,-32.60,-27.76,3
-0.08,0.98,0.09,19.65,-21.18,-6.29,20.98,-32.78,-28.99,3
-0.08,1.00,0.07,15.75,-19.53,-4.70,21.68,-32.73,-28.47,3
-0.08,0.97,0.10,0.55,-12.08,-6.10,21.44,-32.51,-28.41,3
-0.08,0.98,0.09,4.09,-18.92,-13.00,22.17,-32.96,-28.91,3
-0.05,0.98,0.09,2.69,-22.64,-19.29,22.24,-32.74,-29.00,3
-0.04,0.97,0.09,4.46,-13.67,-11.72,22.62,-32.74,-28.87,3
-0.02,0.99,0.08,9.03,-20.14,-19.35,22.24,-32.84,-30.14,3
0.00,0.99,0.09,3.91,-17.33,-11.29,22.25,-32.03,-29.09,3
0.00,0.96,0.09,2.62,-6.90,-6.41,22.66,-32.79,-29.04,3
0.00,0.98,0.08,-5.55,-11.29,-12.82,23.00,-33.00,-29.20,3
0.03,0.98,0.08,-3.85,-8.73,-13.92,23.18,-32.52,-29.14,3
0.04,1.00,0.07,-2.38,-10.07,-9.40,23.33,-32.42,-28.67,3
0.05,0.97,0.05,-13.00,-8.00,-17.58,23.60,-32.76,-28.96,3
0.08,0.99,0.03,-17.27,-10.80,-17.64,24.00,-32.67,-27.73,3
0.11,0.98,0.02,-18.98,-7.26,-13.92,24.72,-32.81,-28.81,3
0.10,0.96,-0.01,-12.08,-1.40,-9.40,24.79,-33.47,-27.53,3
0.13,0.96,-0.03,-27.53,1.28,-13.12,24.83,-33.45,-25.44,3
0.13,0.98,-0.08,-32.59,-3.11,-11.66,25.83,-33.64,-25.01,3
0.15,0.96,-0.10,-32.71,2.75,-12.08,25.68,-34.36,-24.40,3
0.16,0.95,-0.14,-37.96,6.23,-6.41,26.09,-34.22,-23.57,3
0.16,0.96,-0.19,-30.09,7.39,-8.12,26.12,-34.58,-22.17,3
0.17,0.95,-0.21,-16.72,8.12,-3.30,26.37,-33.92,-21.97,3
0.17,0.95,-0.24,-10.07,6.47,-1.59,26.92,-34.09,-20.12,3
0.17,0.94,-0.26,-13.61,10.56,0.85,26.67,-34.25,-19.96,3
0.17,0.94,-0.26,3.72,21.61,4.58,26.84,-34.19,-19.49,3
0.15,0.93,-0.27,1.10,18.74,3.17,26.48,-33.90,-20.59,3
0.15,0.94,-0.28,-13.00,12.51,4.88,26.34,-34.45,-19.52,3
0.17,0.92,-0.30,7.02,28.50,6.90,26.09,-34.39,-18.91,3
0.12,0.94,-0.29,4.70,22.03,1.89,26.20,-34.23,-18.32,3
0.11,0.92,-0.30,6.59,11.47,12.51,26.31,-34.73,-18.05,3
0.10,0.93,-0.31,3.66,15.20,8.48,25.72,-34.64,-18.55,3
0.09,0.95,-0.31,10.13,17.27,10.99,26.55,-34.58,-18.90,3
0.07,0.94,-0.30,16.24,22.22,17.94,25.21,-34.42,-18.51,3
0.05,0.95,-0.29,10.31,23.13,12.15,24.94,-34.46,-17.38,3
0.03,0.94,-0.28,8.67,21.12,13.79,24.19,-34.28,-17.96,3
0.01,0.95,-0.28,8.24,11.60,15.26,23.96,-33.89,-17.70,3
-0.01,0.95,-0.27,20.69,19.53,24.54,23.13,-33.85,-19.31,3
-0.02,0.94,-0.24,24.84,2.93,9.70,22.79,-34.19,-19.15,3
-0.04,0.97,-0.23,28.87,-1.95,9.22,22.58,-34.14,-19.21,3
-0.04,0.97,-0.20,30.03,-5.49,10.31,22.20,-34.06,-20.47,3
-0.05,0.95,-0.16,38.82,-5.98,10.68,21.84,-34.20,-21.12,3
-0.07,1.00,-0.14,37.96,-3.17,13.31,22.11,-33.78,-22.30,3
-0.06,0.95,-0.11,19.59,-8.00,1.46,21.67,-33.69,-22.42,3
-0.08,1.09,-0.12,21.36,-11.66,6.59,21.78,-34.47,-23.36,3
-0.08,0.98,-0.08,17.76,-0.31,5.68,22.17,-34.03,-23.54,3
-0.08,0.99,-0.07,15.01,-10.38,1.10,22.09,-34.20,-24.17,3
-0.08,0.98,-0.06,10.31,-19.04,3.60,21.98,-33.83,-24.77,3
-0.08,0.97,-0.07,-0.18,-34.85,-3.30,22.13,-34.00,-24.22,3
-0.08,0.98,-0.06,14.40,-6.35,3.36,22.02,-34.22,-25.33,3
-0.08,0.98,-0.06,4.94,-23.74,-0.49,21.79,-33.86,-25.42,3
-0.06,0.99,-0.01,3.11,-31.98,-3.97,22.71,-34.12,-25.29,3
-0.06,1.00,-0.05,-8.42,-35.46,-21.00,22.17,-34.86,-24.34,3
-0.02,0.98,-0.09,-4.39,-29.60,-24.29,22.58,-34.78,-24.56,3
0.00,0.97,-0.07,1.28,-11.96,-20.51,23.17,-34.75,-25.27,3
0.01,0.99,-0.09,-10.99,-11.90,-14.28,24.08,-34.88,-24.56,3
0.05,0.99,-0.09,-3.17,-9.77,-17.33,24.13,-34.95,-24.63,3
0.05,0.97,-0.10,3.60,-3.30,-11.84,24.33,-35.19,-24.44,3
0.07,0.98,-0.09,1.04,-6.29,-14.83,24.95,-34.85,-23.60,3
0.09,0.97,-0.11,4.39,-11.11,-13.00,25.35,-35.19,-24.39,3
0.10,0.97,-0.10,-5.19,-10.38,-19.23,25.77,-35.01,-23.73,3
0.12,0.98,-0.11,5.00,-5.25,-9.28,25.88,-34.29,-24.90,3
0.13,0.97,-0.11,5.25,-2.99,-7.26,26.21,-34.55,-24.67,3
0.12,0.96,-0.10,11.96,1.04,4.21,26.40,-34.96,-24.68,3
0.12,0.98,-0.08,20.81,2.44,11.05,26.20,-34.61,-25.02,3
0.12,0.97,-0.10,10.31,1.16,3.48,26.54,-34.51,-24.24,3
0.11,0.97,-0.08,5.13,-2.14,0.79,25.98,-34.47,-24.30,3
